Subject,Object,label
The Convent,official residence,instance of
Thé Rajah,625.0,elevation above sea level
Marjaniemi lighthouse,Hampus Dalström,architect
Alexander Nevsky Cathedral,1912-01-01,inception
V.I.P. Casino: Blackjack,Wii,platform
Liberal Party,liberalism,political ideology
Mohammed VI - B,Vega,constellation
Mont Donon,monument historique classé,heritage designation
Punta Arenas,Split,twinned administrative body
Mountaineer Field at Milan Puskar Stadium,West Virginia University,employer
Karlskrona lower light,lower light,type of variable star
Ontario Highway 581,highway,highway system
2009 Rostelecom Cup - ice dancing compulsory dance,ISU Judging System,organizer
2016 Volta a Catalunya,2017 Volta a Catalunya,followed by
1990 Plume d’Or,Israel,country
Typhoon-class submarine,Soviet/Russian armament programme,operator
HD 113889,196.207272191,right ascension
Ancient Greek,neuter,has grammatical gender
cerium-125,-1,spin quantum number
V* MM Tau,55.9024921603165,declination
Valley County,Valley County,native label
Citibank,financial services,industry
Berlin Springpfuhl station,category 4 railway station,Deutsche Bahn station category
Kalibak,Apokolips,place of birth
Jehoshaphat,Asa of Judah,part of
Biblioteca nazionale Sagarriga Visconti-Volpi,Italian national heritage,heritage designation
Informes de la Construcción,Spanish National Research Council,publisher
PFL Cup,Russian Professional Football League,organizer
KWrite,Unix-like,GUI toolkit or framework
University of Montenegro Faculty of Economics,business school,instance of
2018 Giro del Piemonte,Christoph Pfingsten,points classification
Laghman,1592.0,elevation above sea level
Primiero San Martino di Castrozza,5398.0,population
Petrus Canisius church,Roman Catholic Archdiocese of Esztergom-Budapest,diocese
National Alliance of Liberals,liberalism,political ideology
Ghana,999,emergency phone number
4th arrondissement of Paris,Arsenal,located in the administrative territorial entity
Quaker Meeting House,457 Kingston Road West,located at street address
Hamar Municipality,municipality of Norway,instance of
Literaturhaus München,Uwe Kiessler,presenter
Pylons,Python,programming language
2008–09 Celtic League,Pro14,competition class
Allegan Township,Allegan County,named after
Gwasg Gee,1808-01-01,inception
Vicálvaro,Madrid,said to be the same as
SDSS J082130.66+373330.6,Gravitational lens,fabrication method
USS Mascoutah,harbor tugboat,instance of
wxWidgets,GNU/Linux,platform
Parsons Green tube station,1880-03-01,date of official opening
1932 Grand Prix des Nations,Versailles,location
TPC of Louisiana,golf,sport
Sukth,Municipal unit of Albania,instance of
Uherské Hradiště,Priverno,contains administrative territorial entity
Miss Texas' Outstanding Teen,Richardson,presenter
Židák u Rožďalovic,solitary,narrative role
Berkshire,1261.9606,area
The Sims Wiki,MediaWiki website,instance of
Bella Paulista,São Paulo,librettist
"Llinda de la casa al carrer Sant Pere, 3",Spain,relative
Salladasburg,Williamsport,relative
Waldeck,1882-01-01,inception
2018 European Junior Badminton Championships,2018 European Junior Badminton Championships – Women's singles,has part
Kreiling Mesa,Antarctica,basin country
Lacus Oblivionis,Moon,constellation
canton of Saint-Pons-de-Thomières,34545.0,population
Crater Lake,1883.0,elevation above sea level
Peralta de la Sal,Spain,relative
Fantastic Beasts and Where to Find Them,Particularly suitable for kids,ICAA rating
1981 Uber Cup,women's team,competition class
União e Igualdade,Social Democratic Party,member of
Het nieuw stapelhuis en de grote dokhaven te Antwerpen,lithograph,superhuman feature or ability
iron-51,431498.709,binding energy
Gran Premio Femenino de Plouay 2018,Coryn Rivera,points classification
P-500 Bazalt,active radar homing,guidance system
SDSS J123427.98-024129.5,Gravitational lens,fabrication method
Markham—Stouffville,Markham—Stouffville,native label
1st German Bundestag,2nd German Bundestag,coextensive with
palladium-128,-44490.0,mass excess
12.7 cm/40 Type 89 naval gun,1945-01-01,inception
Kobe metropolitan area,Seto Inland Sea,mouth of the watercourse
Royal Rumble,WWE Raw,business division
Colina,146207.0,population
Mr. Freeze,Premier Rides,recorded at
Richardson Lake Migratory Bird Sanctuary,Canadian Wildlife Service,operator
Inter Milan,black,official color
Japan National Route 338,maritime transport,highway system
Ctiborův dub,former entity,instance of
Carlingford Line,S set,total produced
2009 Skate Canada International - ice dancing compulsory dance,ISU Judging System,organizer
Ribera d'Ebre,Spain,relative
Design for a decorative detail of a ceiling in Neo-Classical style,drawing,instance of
Pierce County,Tacoma,capital
Moreno Rock,Gerlache Strait,musical conductor
Sa Font Figuera,Spain,relative
G 68-5,349.3672834256,declination
Hladový buk u Dětřichovce,Jindřichovice pod Smrkem,capital
Tango Rey,8600,gross tonnage
Rustavi,350.0,elevation above sea level
solid-state physics,physics,subclass of
Persowie,public domain,copyright status
Blackford Hill,scheduled monument,heritage designation
Lace sample inv. 851,appliqué,fabrication method
Claveria,3rd municipal income class,income classification (Philippines)
Voyeykov Ice Shelf,Antarctica,continent
"Eneco Tour 2011, Stage 4",individual time trial,competition class
Black Speech,agglutinative language,linguistic typology
Leipzig University of Applied Science,Leipzig,headquarters location
Berlin Hackescher Markt station,Hackescher Markt,located on street
Cause and Effect,John Cariani,librettist
Beckett Creek Migratory Bird Sanctuary,Canadian Wildlife Service,operator
Portraits of Juan II Pardo and his Wives Anna Ingenieulandt and Maria Ancheman,cycle of paintings,instance of
francium-215,-1,spin quantum number
れ,レ,has part
1963 Uber Cup,women's team,competition class
Angelina County,Polk County,shares border with
SANAE IV,Antarctica,anatomical location
Arya Stark,female,sex or gender
Grecia Canton,395.72,area
pour les accords,Impressionism,main subject
Passepied,Impressionism,main subject
October 1974 United Kingdom general election,Harold Wilson,candidate
Kurdistan Workers' Party,Turkey,country
Bluefish,Unix-like,narrative role
Dormition Cathedral,Russian architecture,architectural style
Miss Mississippi's Outstanding Teen,Miss America's Outstanding Teen,qualifies for event
Olympiacos,basketball team,instance of
López,López,family name identical to this given name
Mahnomen County,county of Minnesota,instance of
gold-204,-1,spin quantum number
"Volta Redonda mayoral election, 2016 - second round",223240,number of spoilt votes
Building 18011-20,Israel,country
Ten High,Kentucky,place of publication
Trutnov,Ivan Adamec,translator
ethyl acrylate,100.0,IDLH
Berufsverband Information Bibliothek e. V.,Reutlingen,headquarters location
ASTM D5502,ASTM standard,subclass of
Glorious Godfrey,Apokolips,place of birth
Violin Concerto No. 3,violin,instrumentation
UW Canis Majoris,530.0,length
ondansetron,domperidone,significant drug interaction
Malta Plateau,Antarctica,mountain range
Monumento ai Caduti,Italian national heritage,heritage designation
Okresní archiv Pelhřimov,state district archive,instance of
Niono Cercle,Mali,basin country
Bartow Municipal Airport,Bartow,place served by transport hub
1988 Boucles de la Mayenne,Boucles de la Mayenne,followed by
Concerto for Violin and Strings,violin,instrumentation
Appliqué inv. 850,1910-01-01,publication date
Wonder Woman 1984,color,eye color
Pretty Little Liars,Melanie Hinze,voice actor
Church of Saint James the Greater,James,named after
Columbus,189885.0,population
1968 Irish Open Badminton Championships,1967 Irish Open Badminton Championships,follows
Copa Catalunya de futbol femenina,Spain,country of origin
Pomeranian Voivodeship,Poland,country
Stadio Olympica,Cortina d'Ampezzo,location
Biblioteca nazionale di Cosenza,Italian national heritage,heritage designation
2016 Toray Pan Pacific Open,2016-01-01,point in time
"2018 Volta a la Comunitat Valenciana, Stage 3",Calp,stage classification
Tayibe,Israel,designated as terrorist by
2012 Toray Pan Pacific Open,2012-01-01,point in time
Theano,Python,programming language
Apuntes bibliográficos de la prensa carlista,dictionary,described by source
Osnabrück Central Station,tower station,instance of
France at the 2018 FIFA World Cup,3,ranking
Patuakhali Sadar Upazila,Bangladesh,country
Wii,Nintendo,operating system
Rondo in C for Violin and Orchestra,violin,instrumentation
Baumschulenweg station,category 4 railway station,Deutsche Bahn station category
bismuth-201,-1,spin quantum number
Saue City,2017-01-01,inception
United States Department of Education,United States of America,country
1964 United Kingdom general election,Harold Wilson,candidate
Miss USA 2013,Miss USA 2012,followed by
Patharghata Upazila,Bangladesh,basin country
Beauty and the Beast,Suitable for all audiences,ICAA rating
Japan National Route 436,maritime transport,highway system
1964 Vuelta a Guatemala,1964-01-01,point in time
Liberal Party of Switzerland,liberalism,political ideology
electronics,Wikipedia:Vital articles,topic's main Wikimedia portal
Centro,131928.0,population
1969 European Indoor Games,Belgrade,location
2002 Denmark Open Badminton Championships,2002 Denmark Open Badminton Championships – Men's singles,has part
Prince Leopold Island Migratory Bird Sanctuary,Canadian Wildlife Service,operator
Scarborough—Rouge Park,Pickering—Scarborough East,significant place
Turkmenistan,culture of Turkmenistan,culture
Fraunhofer Institute for Solar Energy Systems ISE,photovoltaics,field of work
The Little Shepherd,Impressionism,genre
Erik Dahlbergsgatan,860.0,elevation above sea level
2001 QX297,309.4,mean anomaly
1965 Belgian Badminton Championships,1965-01-01,point in time
Atlanta,Pekanbaru,twinned administrative body
Penne Cathedral,Italian national heritage,heritage designation
Melrose Abbey,scheduled monument,instance of
V* V1076 Ori,Orion,constellation
iPhone 8,2017-09-22,UTC date of spacecraft launch
Kostolík,High Tatras,mountain range
Cars 3,AA,publication interval
Phelps Rock,Antarctica,continent
Leafpad,text editing,introduced feature
1981 Plume d’Or,Spain,country
Thor,Hodhr,father
Abraham,Jokshan,child
ESO 427-14,Canis Major,constellation
Oxelösund lighthouse,lower light,source of energy
Hubert H. Humphrey Metrodome,Metropolitan Sports Facilities Commission,owned by
Grand Prix Elsy Jacobs,1.1,event distance
Detroit,Siege of Detroit,order of battle
S2,S-Bahn Berlin GmbH,operator
Belfry of Veurne,Veurne,named after
The Buffalo Declaration,manifesto,instance of
Open Research Knowledge Graph: Next Generation Infrastructure for Semantic Scholarly Knowledge,scientific article,instance of
Royal Golf Club des Fagnes,72,par
South Kensington,South Kensington,native label
Chiahui Power Plant,2003-01-01,inception
la Riera,Spain,relative
2008 FA Cup Final,89874,attendance
Faurot Field,University of Missouri,operator
2016 Irish Badminton Championships,2016-01-01,point in time
Sedlo pod Svišťovkou,High Tatras,mountain range
Naviduct Krabbersgat,Lelystad,mouth of the watercourse
Fion,Ségou Region,located in the administrative territorial entity
Oxford,UTC±00:00,located in time zone
September 11 attacks,suicide attack,instance of
Chidley Point,Western Australia,country
Kinpurney Hill,scheduled monument,heritage designation
iron-51,-1,spin quantum number
Häradskär lighthouse,"NGA List of Lights, Radio Aids and Fog Signals",list of monuments
Xibër,municipality of Albania,instance of
Saving the Security State: Exceptional Citizens in Twenty-First-Century America,Duke University Press,publisher
So Fresh: The Hits of Spring 2008 + Bonus DVD,video album,instance of
2009 Scheldeprijs,Dominique Rollin,winner
Babuganj Upazila,Bangladesh,country
GTK,Linux,based on
Joker,Lawrence Sher,costume designer
Ensayo de un catálogo de periodistas españoles del siglo XIX,"version, edition, or translation",copyright license
3-hydroxydocosanoyl-CoA,Homo sapiens,translator
Berditshev County,Bratslav Viceroyalty,located in the administrative territorial entity
"2017 Giro d'Italia, Stage 4",Dimension Data 2017,stage classification
Muswellbrook Post Office,listed on the Commonwealth Heritage List,heritage designation
McCurtain County,Polk County,shares border with
chaperone protein DnaJ    Rv2373c,cytoplasm,biological process
Oslí buk,remarkable tree,instance of
2015 Paris–Roubaix,2015 UCI World Tour,part of
830s BC,820s BC,has part
KV10,list of burials in the Valley of the Kings,list of monuments
Berlin Brandenburger Tor station,category 4 railway station,Deutsche Bahn station category
Asamblea Nacional Consultiva,Spain,country
Carver County,5.8,water as percent of area
"Boulder, Chräjeberg, northern edge of the woods",Biel/Bienne,located in the administrative territorial entity
2019 Le Samyn,2018 Le Samyn,followed by
Berditshev County,279695.0,population
Using climate change information in ecosystems services for poverty alleviation research in China,research grant,main subject
Moncreiffe Hill,Moncreiffe Hill,located on terrain feature
Quebec,Iris versicolor,taxon common name
4th Annual International Conference on Computational Social Science,Aaron Clauset,has program committee member
San Cristóbal de las Casas,158027.0,population
Diccionario biográfico y bibliográfico de escritores y artistas catalanes del siglo XIX,"version, edition, or translation",significant event
EC 04185-2212,J2000.0,epoch
IESEG School of Management,Fédération des établissements d'enseignement supérieur d'intérêt collectif,affiliation
Comarcal Council of Baix Penedès,Spain,country
Nerima-ku,48.08,area
Cause and Effect,David Burke,director
Robertson Oval,Wagga Wagga,located in the administrative territorial entity
Prestwick Golf Club,South Ayrshire,location
McClung,McClung,family name identical to this given name
Wonsan,North Korea,country
Amity,1802-01-01,inception
Ӭ̄,Cyrillic script,writing system
Gumala,-24.823,distance from Earth
Elkhorn Guard Station,Civilian Conservation Corps,operator
Haleakalā Wilderness,6893.0,population
Kapteyn's Star,10.43,length
Thompson submachine gun,John T. Thompson,after a work by
Man on the Moon,Reveal,tracklist
2006 Tirreno–Adriatico,2007 Tirreno–Adriatico,follows
2000 Direct Line International Championships,2000-01-01,point in time
Province of Bologna,Province of Prato,shares border with
Sälskär lighthouse,Hampus Dalström,architect
Proceedings of the National Academy of Sciences of the United States of America,May Berenbaum,editor
2017 Vuelta a la Comunidad de Madrid,Manzana Postobón 2017,teams classification by time
iPhone 8,iOS,operating system
Granny Goodness,Apokolips,place of birth
USS Mecosta,harbor tugboat,instance of
1983 German Grand Prix,1983-08-07,point in time
BD-04 3421,4676,effective temperature
Buk červenolistý v Karviné,remarkable tree,instance of
Popůvky,Moravia,historical region
pour les octaves,Impressionism,main subject
Terra Nova Migratory Bird Sanctuary,Canadian Wildlife Service,operator
Litoměřice,Ladislav Chlupáč,head of government
Kosmos 573,unmanned spaceflight,use
Gesellschaft für Informatik,Berlin,headquarters location
1991 UCI Road World Championships – Women's road race,1993 UCI Road World Championships – Women's road race,follows
Greenbrier County,2653.0,area
Mierons,Spain,librettist
Galovački buk,Plitvice Lakes National Park,located in protected area
Plauerhagen wind farm,wind farm,instance of
Gliese 436 b,0.0291,semi-major axis of an orbit
DeWalt DW308M,520,power consumed
Chodovský buk,solitary,instance of
chaperone protein DnaJ    Rv2373c,response to heat,molecular function
Citigroup,Public Eye Tax Award,award received
Building 18010-18,Israel,country
Romansh,subject–verb–object,linguistic typology
Joan Halifax: Compassion and the true meaning of empathy,educational film,genre
Sarabi,amber,material used
lung cancer,CLPTM1L,genetic association
Bandial,4.0,unemployment rate
Southern Ocean Seaspray Aerosol Flux Experiment,Natural Environment Research Council,sponsor
Happy,white hair,hair color
Westfälische Götterspeise,pumpernickel,material used
101 Piscium,2.3343,stellar rotational velocity
Maria Mercedes,ABS-CBN Corporation,employer
Lord Nelson Inn,beer garden,has facility
Charlie Hebdo,Georges Wolinski,creator
V* LX Ori,Orion,constellation
Ontario Highway 11,highway,highway system
Unreal Engine,GNU/Linux,platform
St. Johann Baptist,Roman Catholic Diocese of Aachen,diocese
H&M,Stockholm Stock Exchange,stock exchange
ASL Airlines Belgium,Category:ASL Aviation Holdings,member category
Libraries Australia ID,distinct values constraint,property constraint
National University Library of Turin,State public library,instance of
West Virginia's at-large congressional seat,West Virginia,location
"Pont Vell, Santa Eulària des Riu",87.5,width
Barsebäck Golf & Country Club,golf,sport
francium-227,isotope of francium,instance of
2014 United States House of Representatives election in South Dakota,2014 United States House of Representatives elections,part of
statistics,Wikipedia:Vital articles,topic's main template
Prise de la Ville et Citadelle de Gand en six jours 1678,laid paper,material used
Iron Man,2.35:1,stroke
Building 18010-91,Israel,country
year,31536000,conversion to SI unit
Feothanach,UTC±00:00,located in time zone
Golf de Fontainebleau,72,par
2009 Legg Mason Tennis Classic,2009 Legg Mason Tennis Classic – Doubles,has part
wxWidgets,macOS,platform
Uganda,Ugandan,demonym
Mediterranean Conference Centre,Valletta,located in the administrative territorial entity
snow skin mooncake,People's Republic of China,basin country
Unity,2005-06-08,service entry
Cameroon,right,driving side
Baix Penedès,Spain,relative
Berlin-Spandau station,Spandau,located in the administrative territorial entity
A case report of tongue metastasis from lung squamous cell carcinoma and literature review.,lung neoplasm,main subject
Broomhillbank Hill,Dumfries and Galloway,located in the administrative territorial entity
University of French Polynesia,2944,students count
Waldeck-Frankenberg,rural district of Hesse,instance of
St. Nikolaus,Roman Catholic Diocese of Aachen,diocese
Kassel-Wilhelmshöhe station,station located on surface,instance of
Italy,16,compulsory education (maximum age)
Castra of Arnsburg,177.0,elevation above sea level
Biblioteca di archeologia e storia dell'arte,Italian national heritage,heritage designation
El Pozo Murcia FS,Primera División de Futsal,league
Lake Bolsena,Italy,basin country
Borås Ishall,Borås HC,owner of
Cosco Africa,14.5,draft
Concerto No. 1 in D Minor for Oboe and Orchestra: III. Allegro,concerto,instance of
Boston Marathon bombings,terrorism,target
2005 Boston Open Badminton Championships,2005 Boston Open Badminton Championships – Men's doubles,has part
UGC 8053,2.888,stellar rotational velocity
Atlanta,Fukuoka,twinned administrative body
K2 Telephone Kiosk At Junction With Whitechapel Road,Whitechapel,location
S1,S-Bahn Berlin GmbH,operator
cerium-137,79,atomic number
Doctor Doppler,Nik Ranieri,composer
2017 Har Adar shooting,1,number of perpetrators
The Royal Oak Inn,inn,has facility
2017 Canadian Grand Prix,Lewis Hamilton,pole position
African Meeting House,National Historic Landmark,heritage designation
cerium-124,6.0,half-life
Les Chenaux Regional County Municipality,Saint-Luc-de-Vincennes,capital
Tomeškův dub,solitary,instance of
Munich massacre,terrorism,genre
Gömör és Kis-Hont County,Rimavská Sobota,capital
Maumee Bay State Park,Ohio state park,instance of
"Somos tú y yo, un nuevo día",various artists,lyrics by
Kerava railway station,Kerava,named after
So Fresh: The Hits of Spring 2008 + Bonus DVD,The Hits of Spring 2008 + Bonus DVD,title
[MCM2012] SA44 lens,Gravitational lens,subclass of
Gran Paradiso Film Festival,August,month of the year
DeWalt DW304P,1.125,stroke
Zambia,Edgar Lungu,head of government
Sucina,Spain,relative
SN 2007bj,supernova,instance of
Degania Alef,Emek HaYarden Regional Council,mouth of the watercourse
"Boulder, Mahlewagwald I",Biel/Bienne,located on terrain feature
Victory Through Air Power,Edward H. Plumb,storyboard artist
"Levan, Fier",Fier District,located in the administrative territorial entity
Comarcal Council of Baix Camp,Spain,country
Find My iPhone,conflation,fabrication method
SN 2005jj,supernova,instance of
Rimavská Sobota,1270-01-01,time of earliest written record
2000 DFS Classic,2000 DFS Classic – Doubles,has part
Quesada,615.0,elevation above sea level
2008 Cup of Russia - ice dancing compulsory dance,ISU Judging System,organizer
Stjernehallen,indoor ice rink,occupant
The Woolpack Inn,beer garden,has facility
Deutsche Apotheker- und Ärztebank,19.45,common equity tier 1 capital ratio (CETI)
Gamma Doradus,-51.4866441842472,declination
Polish National Road Race Championships,1993 Polish National Road Race Championships,followed by
WV22,list of burials in the Valley of the Kings,list of monuments
Chimney of Ricardo Martínez brickyard,Albalat dels Sorells,location
2014 Indian general election in Rajnandgaon Lok Sabha constituency,2014 Indian general election in Chhattisgarh,part of
1201,1201,numeric value
Aemilia gens,feminine,has grammatical gender
GUVV J004033.8-445936.9,Phoenix,constellation
African Meeting House,African-American museum,instance of
Alt Empordà,Spain,country
Chimney at Camí de les Serratelles,Spain,country
Bollapalle,Bollapalle mandal,capital of
2MASS J08294046-4251430,15.03,apparent magnitude
Crater Lake,9.6,vertical depth
Ben Vorlich,Beinn Ìme,parent peak
SN 2005ji,supernova,instance of
Captain America: The Winter Soldier,170000000,cost
2012 United States House of Representatives elections in Hawaii,Colleen Hanabusa,candidate
2009 European Grand Prix,Spain,country
Alice Through the Looking Glass,170000000,cost
1958 Belgian Badminton Championships,1959 Belgian Badminton Championships,follows
Moncreiffe Hill,scheduled monument,heritage designation
praseodymium-129,-1,spin quantum number
2014 United States House of Representatives election in Guam,2014 United States House of Representatives elections,part of
Brézina District,El Bayadh Province,partially coincident with
Parramatta Eels,National Rugby League,league
Saint-Cyr,classical music,genre
Institut national de l'audiovisuel,Bry-sur-Marne,headquarters location
Sijung County,North Korea,country
"Musée Saint-Raymond, 26411",APZ Painter,collection
SMath Studio,Microsoft Windows,platform
egg,egg yolk,subclass of
Sardana,Spain,relative
Mol Continuity,88089,total produced
Goalpara district,444606,literate population
Mesures des Espagnols Rompues par la prise de Gand,laid paper,material used
Nor Yungas Province,1582.0,area
Maine,Mainer,family name identical to this given name
RB 18,Baden-Württemberg,operating area
bismuth-195,-1,spin quantum number
Liberal Party of Japan,Category:Liberal Party of Japan (1881) politicians,member category
Coin,gold,material used
Gmunden District,Gmunden,capital
1994 Texas gubernatorial election,Governor of Texas,office contested
Soyuz 2,unmanned spaceflight,use
Ourense,Quimper,shares border with
"Ministry of Education, Culture and Sport",Spain,country
Stoylovsky,Mikhaylovka Urban Okrug,significant place
20s,30s,has part
Dimitri Poliakov,Soviet Union,country for sport
École supérieure de journalisme de Paris,grande école,instance of
RNA polymerase sigma-70,RNA polymerase sigma-70 like domain,instance of
Mendizabal,Mendizábal,capital of
Udmurt,Udmurt Republic,capital of
Mateh Binyamin Regional Council,Israel,country
Svenska Högarna lighthouse,"NGA List of Lights, Radio Aids and Fog Signals",main subject
1975 NBA Draft,David Thompson,significant person
Kopung County,North Korea,country
Monroe Golf Club,golf,relative
Saint Isaac's Cathedral,orthodox cathedral,instance of
Ulkokalla Lighthouse,"NGA List of Lights, Radio Aids and Fog Signals",main subject
Palácio do Planalto,official residence,instance of
Cyrus the Great,-0599-01-01T00:00:00Z,date of birth
Mirzaganj Upazila,Bangladesh,country
Tennis at the 2016 Summer Olympics – Mixed doubles,2016-08-13,end time
Neubrügg,92.2,elevation above sea level
Udmurt,subject–verb–object,linguistic typology
Romansh,fusional language,linguistic typology
RB 113,Leipzig Hauptbahnhof,terminus
Mariquina,1320.5,area
1962 European Athletics Championships,670,number of participants
1954 European Rowing Championships,1955 European Rowing Championships,followed by
[HL2008] 72535,Whirlpool Galaxy,part of
The Royal and Ancient Golf Club of St Andrews,72,par
1967 Swedish Open Badminton Championships,1967 Swedish Open Badminton Championships – Men's singles,has part
Bill Gross: A solar energy system that tracks the sun,educational film,genre
GUVV J164725.0-015505.9,J2000.0,epoch
1975 World All-Round Speed Skating Championships for Men,Sten Stensen,participant
20 Camelopardalis,2.8028,parallax
rubidium-88,-1,spin quantum number
Biblioteca Nazionale Centrale di Roma,Italian national heritage,heritage designation
Design for a portal,drawing,instance of
cerium-124,-64916.0,mass excess
"Volta Redonda mayoral election, 2016 - second round",49026,number of spoilt votes
D33 J013415.9+304612.7,-0.532,proper motion
acetaldehyde,cellular response to acetaldehyde,part of
60 Minutes,CBS,original broadcaster
Okayama Rinkoh Railway Line,1947-02-01,date of official closure
"Aarhus University, School of Business and Social Sciences",Aarhus University,parent organization
TYC 3002-501-1,9.96,apparent magnitude
ESO 104-44,9.73,apparent magnitude
V* V396 Vir,0.0178,redshift
India,5.5,inflation rate
osmium-179,-1,spin quantum number
iPhone 5S,iOS 7,operating system
National Library of Israel ID,distinct values constraint,property constraint
1985 Thai Badminton Championships,1985-01-01,point in time
CCGS Terry Fox,17.8,draft
Doug Gillespie,Australia,place of burial
Meet the Press,NBC News,original broadcaster
Khan al-Shuna,Israel,basin country
1974 German Open Badminton Championships,1973 German Open Badminton Championships,follows
Kangaamiut,Greenland,significant place
BR-319,highway,highway system
Pickering—Uxbridge,109344.0,population
État 241-101,tender locomotive,significant event
White Innocence: Paradoxes of Colonialism and Race,Duke University Press,publisher
Novoazovsk wind farm,wind farm,instance of
Czech Republic,Eastern Europe,continent
Small Fort of Our Lady of Monserrate,1583-01-01,inception
Boston Marathon bombings,Boston,location
germanium-77,arsenic-77,decays to
Prishtina Clock Tower,cultural heritage monument of Kosovo,heritage designation
Czech National Road Race Championships,1997-01-01,start time
Church Inn,inn,significant place
Sandoval de la Reina,locality,instance of
KIC 5200152,NGC 6819,part of
Llinda del portal d'entrada de Can Busquets,Taradell,located in the administrative territorial entity
Ohio County,Wheeling,capital
maternal grandparent,grandparent,male form of label
4th arrondissement of Paris,Saint-Merri,contains administrative territorial entity
État 241-101,3,number of cylinders
Faculdade Cásper Líbero,São Paulo,home port
Cooma-Monaro Shire,845.0,area
pessimism,attitude,instance of
"2018 Sibiu Cycling Tour, stage 3A",Cisnădie,destination point
Kunduakori,0,literate population
Forn de pa artesà,Spain,country
Tintern Abbey,Cistercians,religious order
Japan,Albania,diplomatic relation
Kiskunfélegyháza,Kiskunfélegyháza  District,contains administrative territorial entity
francium-221,isotope of francium,instance of
Reliquary of the True Cross,1214-01-01,inception
Find My Friends,conflation,fabrication method
ASTM D4953,ASTM standard,has edition
Chadwick Boseman to Star in Marvel's Black Panther,press release,significant event
1897 European Rowing Championships,Lake Maggiore,location
2017 Volta a Catalunya,2018 Volta a Catalunya,followed by
V897 Her,7.7489205229993,declination
20.3 cm SK C/34 naval gun,1945-01-01,inception
Sandanski,28058.0,population
Exeter Chiefs,1871-01-01,dissolved
Comarcal Council of Baix Penedès,El Vendrell,headquarters location
2024 Spanish Badminton Championships,Spain,country
Line 10,Beijing Mass Transit Railway Operation Corporation Limited,operator
Sucina,174.0,elevation above sea level
2018 Paris–Troyes,Bourg Ain Cyclisme,participating team
EnjoyUp Games,Spain,country of origin
francium-205,-1,spin quantum number
Jardins sous la pluie,Impressionism,main subject
IFC Films,New York City,headquarters location
Governor of Maryland,Government of Maryland,executive body
"2017 Setmana Ciclista Valenciana, Stage 1",Vila-real,destination point
St Peter's Primary School,Herefordshire,located in the administrative territorial entity
Chaussée des Almadies,4.0,focal height
Raziel,vampire hunter,occupation
Catherine Point,Western Australia,basin country
Narita interchange,Japan National Route 295,of
Linna Golf Club,golf,sport
East Stack,Antarctica,continent
La Cruz Canton,Liberia Canton,shares border with
KV46,list of burials in the Valley of the Kings,list of monuments
Pater Noster lighthouse,"NGA List of Lights, Radio Aids and Fog Signals",main subject
antibacterial peptide LL-37,Homo sapiens,found in taxon
Belgium at the 2018 FIFA World Cup,3,ranking
Tilbury Fort,scheduled monument,heritage designation
Happy Joe's,Bettendorf,location of creation
Klingenberg power station,Vattenfall Europe Wärme,operator
Grant County,Grant County,native label
Desperado,steel roller coaster,powered by
el Reig,Spain,librettist
Paraguay,Mario Abdo Benítez,head of state
Colegio Mayor Universitario Chaminade,Madrid,located in the administrative territorial entity
2010–11 Celtic League,Pro14,participant of
Solsonès,Spain,designated as terrorist by
Magnum XL-200,steel roller coaster,guidance system
Horseshoe Lake Ranger Station,Civilian Conservation Corps,operator
Barrage du Châtelot,Neuchâtel,headquarters location
University of Miami School of Business Administration,business school,instance of
Chinese Journal of Physics,Physical Society of the Republic of China,member of
Novi Travnik Municipality,242.0,area
mayor of Bilbao,1836-01-01,inception
Royal Troon Golf Club,South Ayrshire,location
Denethor II,House of Húrin,location
2000 Energis Dutch Open,2000-01-01,point in time
lung cancer,radon,medical condition treated
N51 road,national road in Belgium,instance of
antimony,51,atomic number
Kokkola lighthouse,Kokkola,location
Basilica of Saints Plechelm Wiro-and-Otger,Sint Odiliënberg,located in the administrative territorial entity
Kafr Qasim,8.745,area
Fraunhofer Institute for Production Technology,Christian Brecher,director manager
It Might Be Time,audio track,distribution format
Bludenz District,Bludenz,capital
V* V832 Ori,Orion,constellation
Allgemeiner Deutscher Fahrrad-Club,Bremen,headquarters location
SymPy,Python,programming language
Galina Tsareva,Soviet Union,country for sport
PAZ,Spain,country of origin
Ulkokalla Lighthouse,Admiralty List of Lights and Fog Signals,heritage designation
pandas,Python,programming language
image of grave,type constraint,property constraint
Epistle to the Galatians,New Testament,part of
1999 European Grand Prix,1999 Formula One season,part of
iPhone 5,iOS,operating system
Carnival of Alhama de Granada,Spain,country
The Mansions of the Gods,Dargaud,author
Macina Cercle,Ségou Region,located in the administrative territorial entity
Lípa v Brtníkách,Staré Křečany,located in the administrative territorial entity
Los Angeles,Siege of Los Angeles,order of battle
"Figure of Varaha, the Boar incarnation of Vishnu",Ashmolean Museum,collection
Artisan Entertainment,Lions Gate Entertainment,owned by
Winnenden,Kommunale Datenverarbeitung Region Stuttgart,owned by
The City on the Edge of Forever,40 Acres,has facility
Allegheny County,county of Pennsylvania,instance of
Corrigendum: Genome-wide association of polycystic ovary syndrome implicates alterations in gonadotropin secretion in European ancestry populations.,2016-02-12,publication date
Heroes,Melanie Hinze,director of photography
Night Court,Jack Elliott,after a work by
Children's Museum of Phoenix,Phoenix,located in the administrative territorial entity
División de Honor Femenina de Rugby,Spain,country
Rondo in C for Violin and Orchestra,oboe,instrumentation
Xcelerator,steel roller coaster,guidance system
BURA,Long Gone Days,present in work
1953 Paris-Tours,Jan De Valck,general classification of race participants
Bert Clay,Australia,place of burial
Beltrami County,Lake of the Woods County,shares border with
"Clarinet Concerto No. 1 in F Minor, Op. 73: II. Adagio ma non troppo",concerto,main subject
Aomori Prefecture,1871-01-01,inception
Nakhon Pathom,78780.0,population
Tennis at the 2016 Summer Olympics – Mixed doubles,2016-01-01,end time
Sennoy,Mikhaylovka Urban Okrug,historical region
Fulda,rural district of Hesse,instance of
Kawasaki H2 Mach IV,Kawasaki H1 Mach III,follows
Deutsche Krebsgesellschaft,Berlin,headquarters location
Abdet,Spain,designated as terrorist by
87 Sylvia,5.184,numeric value
Hidalgo County,Hidalgo County,native label
Churra,Spain,designated as terrorist by
Kragelund,Silkeborg province,located in the administrative territorial entity
francium-229,isotope of francium,instance of
Diena,Ségou Region,located in the administrative territorial entity
Park Güell,Spain,relative
Nordland Township,383.0,elevation above sea level
France,16,age of majority
"Annals of Allergy, Asthma & Immunology",Elsevier,place of publication
Gran Premio Femenino de Plouay 2018,Katarzyna Niewiadoma,points classification
HD 208313,NAME Pleiades Moving Group,Wikidata property example
SN 2007bo,supernova,instance of
"Alexander and the Terrible, Horrible, No Good, Very Bad Day",Suitable for all audiences,ICAA rating
Wests Tigers,National Rugby League,organizer
Golf Club de Chamonix,72,par
The Right to Maim,Duke University Press,publisher
Sälskär lighthouse,"NGA List of Lights, Radio Aids and Fog Signals",list of monuments
Dundee Law,Dundee Law,native label
GUVV J164725.0-015505.9,11.9,apparent magnitude
Ulkokalla Lighthouse,Hampus Dalström,architect
Gunetzrhainerhaus,4,floors above ground
Penrith Panthers,National Rugby League,league
Faramir,Ruling Steward of Gondor,position held
Nenque,Phoenix,located on terrain feature
HD 214129,J2000.0,epoch
deltoid muscle,Deltoid (anterior fibres),antagonist muscle
Sheila Patek: The shrimp with a kick!,2004-02-25,publication date
Quar Ice Shelf,Antarctica,basin country
Schwaz,20.0,elevation above sea level
Golden Gate Bridge,Joseph Strauss,structural engineer
Steven Levitt: The freakonomics of crack dealing,educational film,genre
Churra,57.0,elevation above sea level
White Swan Inn,beer garden,has facility
SN 2007bm,supernova,instance of
stable and shed 2 in Ainola,Järvenpää,located in the administrative territorial entity
[GTC2005] 6,170.065,distance from Earth
Kobben-class submarine,47.7,beam
San Lorenzo Dorsino,1562.0,elevation above sea level
The Original Kings of Comedy,color,eye color
Berlin-Grünau station,category 4 railway station,Deutsche Bahn station category
Valga City,2017-01-01,inception
IFC Films,AMC Networks,parent organization
Austria,Wikipedia:Vital articles,topic's main Wikimedia portal
Beacon of Tampo island,Spain,basin country
iron-67,-1,spin quantum number
House,James Ingersoll,editor
Kim Novak Never Swam in Genesaret's Lake,Trollhättan,location of creation
University of Massachusetts School of Law,Massachusetts,headquarters location
KV13,list of burials in the Valley of the Kings,list of monuments
Ózd  District,Ózd,capital
1986 German Grand Prix,1986-07-27,point in time
G 75-30,2954,effective temperature
2012 Four Days of Dunkirk,Bretagne-Schuller 2012,participating team
World Esperanto Congress 1935,World Esperanto Congress 1936,followed by
Tatort: Gestern war kein Tag,crime film,genre
Kujang County,North Korea,country
2007–08 Celtic League,Pro14,competition class
2009 Skate America - ice dancing compulsory dance,ISU Judging System,organizer
The Romany Inn,inn,significant place
Zafarronada de Omaña,Spain,country
Magnezone,180.0,height
München Ost station,station located on surface,instance of
Fort of the Holy Cross,Maragogipe,located in the administrative territorial entity
Nimrod Expedition,1909-03-01,end time
1998 Volta ao Alentejo,1998-04-29,point in time
gadolinium-157,156.92396787,mass
SS Flandre,784,total produced
Rashtrapati Bhavan,official residence,instance of
Bert och bacillerna,Sonja Härdin,director of photography
CD274 EXPRESSION,cancer,positive prognostic predictor
Japan National Route 390,road,highway system
[FK2002] 229,221.9542,right ascension
Bolek and Lolek,Mieczyslaw Poznanski,translator
Le Gibet,Impressionism,architectural style
V* V1779 Sgr,271.0744973835867,right ascension
RV Derinsu,survey vessel,instance of
Derive,MS-DOS,platform
EC 21292-5934,J2000.0,epoch
Si Phraya Intersection,Maha Phruettharam,location
Peruvian women's football championship,Peru,country
rubidium-98,97.941632317,stroke
[FK2002] 229,8521.0,distance from Earth
SES-14,geostationary orbit,type of orbit
Cruise Olympia,2010-01-01,service entry
Hinsdale County,"National Register of Historic Places listings in Hinsdale County, Colorado",list of monuments
chaperone protein DnaJ    Rv2373c,DNA replication,biological process
Violin Concerto No. 1,violin,instance of
Sanyohimeji-higashi interchange,Kakogawa-kita interchange,of
2002 Texas gubernatorial election,Tony Sanchez,candidate
Budd Coast,Antarctica,continent
The City on the Edge of Forever,New York City,filming location
An Unearthly Child,1963-11-23,date of first performance
Pretty Little Liars,7,number of seasons
Vaccine,Elsevier,place of publication
Degania Alef,-200.0,radial velocity
United States of America,.us,top-level Internet domain
Moreno Rock,Antarctica,basin country
Saxe-Weimar-Eisenach,duchy,instance of
Ebonyi State,Enugu State,partially coincident with
Blender,Blender Foundation,member of
OpenTTD,multiplayer video game,game mode
Hof Aza Regional Council,Israel,country
2008 Uber Cup – Qualification Africa,women's team,competition class
Real Club de la Puerta de Hierro,72,par
Eshbal,113.0,elevation above sea level
Zentralverband des Deutschen Baugewerbes,Berlin,headquarters location
Ryongrim County,North Korea,country
2000 US Open Badminton Championships,2000-01-01,point in time
silver-113,66,neutron number
Shirin Neshat: Art in exile,educational film,genre
On the Floor,Henson Recording Studios,recorded at
Plate with the Arms of the Vitelleschi Family,Giorgio Andreoli,librettist
Hommage à Rameau,Impressionism,main subject
Ogre,city under municipality jurisdiction in Latvia,instance of
Claudia gens,feminine,has grammatical gender
Erendis,female,sex or gender
Krasnohrad Raion,Ukraine,country
2006 Illinois gubernatorial election,Judy Baar Topinka,successful candidate
Marjory Stoneman Douglas High School shooting,Alyssa Alhadeff,target
Hällgrund,"NGA List of Lights, Radio Aids and Fog Signals",list of monuments
Laboratory of Theoretical Biochemistry,1997-01-01,inception
Chaldean Catholic Archeparchy of Kirkuk,Iraq,country
D33 J013355.0+304643.2,20.364,apparent magnitude
V* V1791 Sgr,-2.132,proper motion
Belegorn,House of Húrin,part of
2014 Indian general election in Mahasamund Lok Sabha constituency,2014 Indian general election in Chhattisgarh,facet of
Garigal National Park Plan of Management,1998-11-24,publication date
Leipzig-Altenburg Airport,Altenburg,place served by transport hub
Tokchon,North Korea,country
Calw,Arbeitsgemeinschaft Deutsche Fachwerkstädte,member of
Saqqaq,Greenland,significant place
Cube Rock,Antarctica,location of creation
NGC 160,5270.0,radial velocity
Kurdistan Workers' Party,New Zealand,country of origin
Reminders,Wikipedia article covering multiple topics,instance of
Graves Creek Ranger Station,Civilian Conservation Corps,operator
Lacus Temporis,Moon,constellation
Baca County,Baca County,different from
"Dětský domov se školou, ZŠ a ŠJ",public-benefit corporation,legal form
Pontevedra,Barcelos,shares border with
Sangonera la Verde,minor local entity of Spain,instance of
maternal great-grandparent,maternal great-grandfather,male form of label
Hegemone,Hegemone,name
SMS Ostfriesland,Kaiserliche Werft Wilhelmshaven,operator
Uherské Hradiště,Cultural monuments in Uherské Hradiště,list of monuments
Real Club de la Puerta de Hierro,Madrid,headquarters location
Peruvian women's football championship,Peruvian Football Federation,organizer
Westby,1896-01-01,inception
漢,汉,language of work or name
RB 56,Baden-Württemberg,operating area
Church of Santa Giulia,Italian national heritage,heritage designation
The Touchstone,public domain,copyright status
Consejo Económico y Social,Spain,country of origin
2017 Four Days of Dunkirk,WB-Veranclassic-Aqua Protect 2017,stage classification
Waverley Primary School,City of Newcastle upon Tyne,located in the administrative territorial entity
2000 Estonian Badminton Championships,2000-01-01,point in time
Markham—Stouffville,10978.0,population
DL-amphetamine,medication,medical condition treated
lead-183,-1,spin quantum number
1981 Tirreno–Adriatico,Marino Amadori,winner
Zoological Science,1984-01-01,inception
Kirkstall Abbey,Cistercians,religious order
2002 Irish Open Badminton Championships,2002 Irish Open Badminton Championships – Men's doubles,has part
LP 377-100,187.3630066357522,right ascension
ghrelin,cytoplasm,discovery method
Cause and Effect,Matthew Yang King,director
Roman Catholic Diocese of Vicenza,bishop of Vicenza,office held by head of the organization
1991 Canadian Grand Prix,1991 Formula One season,part of
Lars Christensen Coast,Antarctica,continent
Obia/Akpor,260.0,elevation above sea level
2017–18 USC Trojans men's basketball team,2017-01-01,point in time
Židák u Rožďalovic,remarkable tree,instance of
Lacus Aestatis,Moon,taxon common name
Beauty and the Beast,Category I,Filmiroda rating
Uganda,left,railway traffic side
Kolsh,municipality of Albania,instance of
Worcester Warriors,1871-01-01,inception
Damagaram Takaya Department,Zinder Region,located in the administrative territorial entity
1965 Belgian Badminton Championships,1966 Belgian Badminton Championships,follows
Le Roi Arme sur Terre et sur Mer 1672,laid paper,material used
Base Primavera,Antarctica,located in the administrative territorial entity
osmium-181,105,atomic number
German Society for Plant Sciences,Berlin,headquarters location
2020 Tarragona explosion,Spain,relative
King Of The Mountain,EMI,record label
Finance Committee - Third Assembly,2011-03-31,dissolved
2026 Spanish Badminton Championships,Spain,country
Brenner Regional Council,Israel,country
Saving the Security State: Exceptional Citizens in Twenty-First-Century America,Inderpal Grewal,editor
Truth,125,volume as quantity
1975 Uber Cup,women's team,competition class
Hobart Airport Air Traffic Control Tower,listed on the Commonwealth Heritage List,heritage designation
Siege of Petropavlovsk,Petropavlovsk-Kamchatsky,location
Valdice Charterhouse,nám. Míru,located on street
Popcorn Time,Android,platform
Hetain Patel: Who am I? Think again,Hetain Patel,author
Adams County,county of Pennsylvania,instance of
2016 United States presidential election in Pennsylvania,President of the United States,office contested
A Dramatic Tour of Events,Progressive Nation 2009,followed by
Barry Allen,Patty Spivot,librettist
Underdogs,AA,MPAA film rating
RingCentral Coliseum,1966-09-18,date of official opening
CD-60 6745,0.8713,parallax
Raven Island National Wildlife Area,Lake Lenore No. 399,significant place
Enyo,war,domain of saint or deity
Turkey,WikiProject Turkey,maintained by WikiProject
San Silvestro,Italian national heritage,heritage designation
Botswana,2.836,total fertility rate
1914 World Allround Speed Skating Championships for men,Vasili Ippolitov,presenter
palladium-109,108.905950574,stroke
pandas,BSD licenses,copyright license
[HL2008] 107410,Whirlpool Galaxy,part of
1933 Grand Prix des Nations,Versailles,location
Samsung Gear,Android,operating system
[HL2008] 27222,Whirlpool Galaxy,part of
"PDF Reference, sixth edition",technical specification,subject item of this property
Marianas Trench Marine National Monument,IUCN category V: Protected Landscape/Seascape,IUCN protected areas category
La Luna / Whatever It Takes,Single Top 100,charted in
Freeciv,OpenBSD,GUI toolkit or framework
Krishna,Samba,child
Ido,subject–verb–object,linguistic typology
Rugby union at the 1908 Summer Olympics,rugby,sport
Experiment IV / Wuthering Heights,EMI,record label
Gran Premio Femenino de Plouay 2018,Marianne Vos,points classification
2006 Grand Prix d'Isbergues,2006-09-17,point in time
Bistrița,356.0,population
Herforder SV Borussia Friedenstal,Friedrich-Ludwig-Jahn-Stadion,headquarters location
Acilius 5,"Pauly-Wissowa vol. I,1",published in
Fshajt Bridge,cultural heritage monument of Kosovo,heritage designation
S n Kvarken coastal water,chemical pollution,significant environmental impact
Rose Atoll Marine National Monument,IUCN category V: Protected Landscape/Seascape,IUCN protected areas category
Mega Man,Mega Man,derivative work
Ski jumping at the 1932 Winter Olympics,Birger Ruud,participant
Ashdot Ya'akov Meuhad,Emek HaYarden Regional Council,translator
Abraham Van Helsing,Gabriel Van Helsing,librettist
lead-201,-1,spin quantum number
Tarutyns'kyj steppe,Ukraine,country
Alberta,Remembrance Day,public holiday
1984 Canadian Open Badminton Championships,1984 Canadian Open Badminton Championships – Men's doubles,has part
Nushagak,14790,male population
Armidale Dumaresq Shire,2016-05-12,dissolved
2016 Coppa Ugo Agostoni,Diego Ulissi,winner
1979 German Grand Prix,1979-07-29,point in time
NGC 6281,1.8716,parallax
Hegemone,0.04,albedo
Erratum: Layer-dependent quantum cooperation of electron and hole states in the anomalous semimetal WTe2.,2016-04-13,publication date
pour les degrés chromatiques,Impressionism,main subject
Gunma Prefecture,1937626.0,population
Walter Cronkite School of Journalism and Mass Communication,journalism school,instance of
1981 Tirreno–Adriatico,Raniero Gradi,winner
Marjory Stoneman Douglas High School shooting,Marjory Stoneman Douglas High School,location
Norwegian Badminton Championships 2027,2027 Norwegian Badminton Championships – Men's doubles,has part
Mercer County,1838-01-01,inception
Costilla County,San Luis,capital
Grand Prix du Midi Libre 1984,1984-06-13,point in time
Constitutional Court of Ukraine,Ukraine,country
Sangre de Cristo Wilderness,Great Sand Dunes National Park and Preserve,located in protected area
Tumut Post Office,listed on the Commonwealth Heritage List,heritage designation
Marauders,Harry Potter universe,takes place in fictional universe
Gold Hill Township,107.0,elevation above sea level
Underground 15,2015-11-25,UTC date of spacecraft launch
Cathedral of Corfinio,Italian national heritage,heritage designation
"Capela Inglesa, Rua dos Barbonos e Arcos",photograph,depicts
Nikon Coolpix P900,digital camera model,instance of
2014 Danmark Rundt,Alexey Lutsenko,points classification
Clwyd County Council,Clwyd,applies to jurisdiction
Bahçeli Kayaları,Turkey,basin country
1995 European Grand Prix,David Coulthard,pole position
Perlesreut,562.0,elevation above sea level
list of A6 roads,road,highway system
Derive,Microsoft Windows,platform
Biblioteca Medicea Laurenziana,State public library,instance of
passion,psychology,main subject
1998 Irish Open Badminton Championships,1999 Irish Open Badminton Championships,follows
Wii U,Nintendo,platform
Kawaguchi,Kawaguchi,name
Glen Innes Post Office,listed on the Commonwealth Heritage List,heritage designation
[CWB2011] WLTV J045356.04-030619.7,Orion,constellation
antimony-122,-1,spin quantum number
Mosan art,Romanesque art,instance of
Lacus Hiemalis,Moon,constellation
Central Volga Krai,236000.0,population
"Dětský domov se školou, SVP a ZŠ",public-benefit corporation,legal form
RK Borec,Veles,home port
"Boulder, Luterhölzli/ located at: Museum Schwab Biel",Biel/Bienne,located in the administrative territorial entity
Acilius 5,Elimar Klebs,librettist
Molyatichsky Village Council,Molyatichi,capital
2015–16 Cypriot First Division,Dimitar Makriev,statistical leader
Coloma Charter Township,charter township of Michigan,instance of
2017 Kuurne–Brussels–Kuurne,2017 UCI Europe Tour,part of
2008 Skate Canada International - ice dancing compulsory dance,ISU Judging System,organizer
2016 BYU Cougars men's volleyball team,2016-01-01,point in time
Cirion,House of Húrin,part of
Main-Taunus-Kreis,rural district of Hesse,instance of
Frankfurt Galluswarte station,category 4 railway station,Deutsche Bahn station category
Marburg-Biedenkopf,rural district of Hesse,instance of
HD 149026 b,Smertrios,name
"Union Territory Goods and Services Tax Act, 2017","Union Territory Goods and Services Tax (Amendment) Act, 2018",amended by
Biblioteca Casanatense,Italian national heritage,heritage designation
RMS Transvaal Castle,London,located in the administrative territorial entity
Passyunk Avenue Bridge,bascule bridge,instance of
Butler Hump,Western Australia,country for sport
San Michele in Bosco railway halt,Rete Ferroviaria Italiana,librettist
Liezen District,Liezen,capital
fexofenadine,Histamine receptor H1,physically interacts with
2011 Grand Prix d'Isbergues,Stuart O'Grady,winner
1935 Grand Prix des Nations,Versailles,location
Chimney of Hort de la Colegiala,Spain,country
ghrelin,endoplasmic reticulum lumen,innervated by
year,time,measured physical quantity
Town wall: remains of E side of town wall S of East Street and N of Gods House Tower,scheduled monument,instance of
caesium-148,147.949639029,mass
Staryi Sambir Raion,Ukraine,basin country
Colegio Mayor Universitario Chaminade,Spain,relative
CA Brive,1910-01-01,service entry
RB 8,Lower Saxony,operating area
Ї́,Cyrillic script,writing system
Epistle of James,New Testament,part of the series
"Multicopper oxidase, type 2",protein domain,subclass of
SDSS J121504.44+004726.0,Gravitational lens,fabrication method
Wild Thing,steel roller coaster,material used
Gliese 208,Orion,constellation
pour les notes répétées,Impressionism,main subject
1989 Spanish Open,WTA Madrid Open,instance of
NGC 59,1886-01-01,time of discovery or invention
The Drew Las Vegas,skyscraper,instance of
Cinderella,Suitable for all audiences,ICAA rating
2016 Volta a Portugal,José Gonçalves,mountains classification
A Symphony of British Music,digital download,distribution format
Grandes éxitos,EMI,composer
Tasman Island Lighthouse,listed on the Commonwealth Heritage List,heritage designation
Moksha,nominative–accusative language,linguistic typology
Monroe Flem,Turtlemaniac,language of work or name
2017 Grand Prix de Fourmies,2017 French Road Cycling Cup,part of
Montañana,locality,instance of
francium-231,isotope of francium,instance of
2017 Tour Down Under,1st stage of the Tour Down Under 2017,has part
The City on the Edge of Forever,color,eye color
Lazarev Ice Shelf,Antarctica,basin country
The Woolpack Inn,inn,has facility
The City on the Edge of Forever,Alexander Courage,storyboard artist
1956,March 1956,followed by
Zambia,3.0,unemployment rate
59 Orionis,Orion,constellation
Örskär lighthouse,Admiralty List of Lights and Fog Signals,heritage designation
Faramir,House of Húrin,architectural style
11,11,numeric value
Victor Emmanuel II,Italian national heritage,heritage designation
2010 African Badminton Championships,2011 African Badminton Championships,followed by
Brickipedia,MediaWiki website,instance of
2MASS J05353270-0630181,Orion,constellation
Kaasův buk,solitary,instance of
"2018 Tour de France, stage 20",individual time trial,stage classification
old stable in Myllymäki torp,Myllymäki torp,named after
2017 Vuelta a la Comunidad de Madrid,Spanish men's national road cycling team 2017,victory
semitendinosus muscle,tibial division of the sciatic nerve,innervated by
cour Saint-Éloi,12th arrondissement of Paris,located in the administrative territorial entity
Ryongchon,135634.0,population
Chinese Journal of Physics,physics,main subject
University Library of Naples,State public library,instance of
"Boulder, Mahlewagwald I",2.0,elevation above sea level
Shtiqën,municipality of Albania,instance of
Yao'an Yao Ethnic Township,Lianzhou,named after
Corinna Halke,Bayerischer Rundfunk,employer
Aughleam,UTC±00:00,located in time zone
Wikimedia Incubator,MediaWiki website,instance of
Centro Federico García Lorca,Spain,country
University Library of Padua,Italian national heritage,heritage designation
Tuliszków,7.0,elevation above sea level
Charlie Naismith,English,language of work or name
Rustavi,125103.0,population
Strawberry Cirque,Antarctica,location of creation
Kalvfjärden,Stockholm archipelago,located in protected area
Forest Glen station,gratis,Wi-Fi access
Building 18011-85,Israel,country
Magdagachi,356.0,population
The Inconvenient Truth,manifesto,instance of
Vodafone,human voice,instrumentation
Bund für Umwelt und Naturschutz Deutschland,Forum Umwelt und Entwicklung,translator
potassium-37,36.973375889,translator
Turkey,10546,nominal GDP per capita
The Roller Coaster,steel roller coaster,instance of
scenes from the history of Mary,François Baud,librettist
SN 2005jk,supernova,instance of
2017 Minnesota Lynx season,2017-01-01,point in time
ASTM D5504,ASTM standard,has edition
"Biechtstoelen in de Sint-Pauluskerk, Antwerpen",lithograph,creator
SN 2007ax,supernova,instance of
CDKN2A p16 EXPRESSION,oropharynx cancer,positive prognostic predictor
Vernal Fall,Mariposa County,located in the administrative territorial entity
Winchester Guildhall,Winchester,located in the administrative territorial entity
British Consulate Alicante,Alicante,headquarters location
1922 European Rowing Championships,Port of Barcelona,location
Stickers Gat,survey vessel,instance of
SDSS J165236.28+460515.1,20.85,apparent magnitude
Bagito,ABS-CBN Corporation,parent organization
Kurdistan Workers' Party,Kingdom of the Netherlands,country
1996 Irish Open Badminton Championships,1997 Irish Open Badminton Championships,followed by
stable and shed in Koitsanlahti Manor,Koitsanlahti Manor,named after
lanthanum-129,1077930.708,binding energy
3rd term of the Senate of the Republic of Poland,Members of the 3rd Senate of the Republic of Poland,has list
Shrewsbury,UTC±00:00,located in time zone
1968 Belgian Badminton Championships,1969 Belgian Badminton Championships,follows
INSAT-3B,geostationary orbit,type of orbit
Ferrari F50,2580,wheelbase
Thirty-seventh Amendment of the Constitution Bill 2018,2018-10-26,point in time
GNU Emacs,OpenBSD,GUI toolkit or framework
Berlin Südkreuz station,station located on surface,instance of
Kosmos 1001,unmanned spaceflight,use
Dub u Větrova,solitary,instance of
Ivvavik National Park,1984-01-01,significant place
Carafe Sirènes et Grenouilles,Carafe Sirènes et Grenouilles (stopper),has part
1991 Thai Badminton Championships,1991-01-01,point in time
2014 United States House of Representatives election in the Northern Mariana Islands,2014 United States House of Representatives elections,part of
Canterbury Post Office,Canterbury,capital
Associazione Calcio Milan,black,official color
Photo Booth,Wikipedia article covering multiple topics,instance of
Biblioteca Casanatense,State public library,instance of
Rájovský javor,solitary,instance of
Sangonera la Verde,Spain,basin country
Victoria Barracks Squash Courts,listed on the Commonwealth Heritage List,heritage designation
China Township,charter township of Michigan,instance of
2017 Tour of the Basque Country,2017-04-08,end time
The Sims Wiki,website,instance of
Mas Martí,Spain,librettist
Buzfuz Rock,Bellingshausen Sea,mouth of the watercourse
Lund Municipality,Staffanstorp Municipality,shares border with
1973 German Open Badminton Championships,1973-01-01,point in time
Kafr Qara,17689.0,population
Freeciv,Linux,based on
2009 Cup of China - ice dancing compulsory dance,ISU Judging System,organizer
Vesyoly,Mikhaylovka Urban Okrug,historical region
2012 German International Junior Badminton Championships,2012 German Junior International Badminton Championships – Men's doubles,has part
silicon-29,15,neutron number
Tiberias,-200.0,minimum temperature record
Udmurt,agglutinative language,linguistic typology
NGC 524,2423.0,radial velocity
1964 Belgian Badminton Championships,1965 Belgian Badminton Championships,follows
Waverley Park,Mulgrave,significant place
Sponde,2001-12-09,time of discovery or invention
Warner Valley Ranger Station,National Park Service,operator
"(E)-2,3-didehydropristanoyl-CoA",Homo sapiens,FAO risk status
Éowyn,Théodwyn,spouse
[HL2008] 105409,Whirlpool Galaxy,part of
Cl* NGC 7654 CKK V16,J2000.0,epoch
United States of America,.mil,top-level Internet domain
Japan,1264140980383,GDP (PPP)
INSAT-1C,geostationary orbit,type of orbit
Super High Roller Bowl V,Isaac Haxton,librettist
Pietarsaari lighthouse,Admiralty List of Lights and Fog Signals,heritage designation
Fenollet,Spain,designated as terrorist by
Province of Florence,Province of Ravenna,replaces
ethyl acrylate,0,ceiling exposure limit
ondansetron,ondansetron,World Health Organisation International Nonproprietary Name
Enterprise and Business Committee - Fourth Assembly,2016-04-06,start time
Sat In Your Lap / Lord Of The Reedy River,Sat In Your Lap,tracklist
musical tuning,Wikipedia article covering multiple topics,instance of
Groß-Gerau,rural district of Hesse,instance of
Buk červenolistý v Karviné,Fagus sylvatica,taxon common name
Province of Genoa,Province of Parma,replaces
Chimneys of brickyards in Alfara del Patriarca,Spain,relative
Ciudad Deportiva de Abegondo,Deportivo de La Coruña,owned by
2017 European Athletics Indoor Championships,Belgrade,location
Uzbek Wikipedia,Wikipedia language edition,instance of
Horácký zimní stadion,indoor ice rink,has facility
NAD,protein domain,instance of
2017 Gran Premio di Lugano,2017 UCI Europe Tour,part of
Mr. Freeze,steel roller coaster,instance of
francium-224,isotope of francium,instance of
Marjaniemi lighthouse,Admiralty List of Lights and Fog Signals,heritage designation
Aquaculture,Elsevier,headquarters location
iPhone 4S,iOS 6,operating system
Centaurus A,1826-04-29,time of spacecraft orbit decay
2017 Kuurne–Brussels–Kuurne,Jasper Stuyven,general classification of race participants
iGap,"GNU Affero General Public License, version 3.0",copyright license
2011 Australian Grand Prix,Felipe Massa,pole position
"two stone blocks, Büttenberg, Schlossbahn",Biel/Bienne,location
Japan National Route 57,Uki,primary destinations
District 5,4.27,area
N282 road,Brussels-Capital Region,crosses
The Original Latin Kings of Comedy,color,eye color
lanthanum-128,5.0,spin quantum number
Kalbådagrund lighthouse,1952-01-01,date of official opening
Cameroon,11.7,real gross domestic product growth rate
Carta Geral do Estado de S. Paulo,João Baptista de Campos Aguirra Collection,collection
Státní okresní archív Břeclav,state district archive,instance of
Bella Paulista,2002-08-06,date of death
Diccionario biográfico y bibliográfico de escritores y artistas catalanes del siglo XIX,Barcelona,place of publication
1120s,12th century,part of
Oslí buk,solitary,instance of
Sandoval de la Reina,Spain,relative
Adobe AIR,Android,platform
2005 Danish general election,2005-02-08,point in time
Svenska Högarna lighthouse,Admiralty List of Lights and Fog Signals,instance of
PGC 66558,4955.0,radial velocity
Royal Adelaide Golf Club,golf,relative
Dancing Muse,dancing,instance of
Erratum to: The GOOD life: Study protocol for a social norms intervention to reduce alcohol and other drug use among Danish adolescents.,Erratum to: The GOOD life: Study protocol for a social norms intervention to reduce alcohol and other drug use among Danish adolescents.,title
Galería biográfica de artistas españoles del siglo XIX,"version, edition, or translation",copyright license
Örebro County,1128.85,area
KOI-2498,Kepler-390b,child astronomical body
radon-212,23.9,half-life
The Man with the Child in His Eyes / Moving,EMI,record label
Susan Savage-Rumbaugh: The gentle genius of bonobos,educational film,genre
The Woolpack Inn,"Brookland, Kent",located in the administrative territorial entity
Albany,77434.0,population
Nord 3.1501 and 3.1502,tender locomotive,subclass of
The Sensual World / Walk Straight Down The Middle,EMI,record label
Uno,Wii,platform
Colegio Mayor Diego de Covarrubias,Madrid,headquarters location
Bandagal,0,literate population
McGuire,McGuire,name
Popcorn Time,multiple languages,writing system
Bellen,Ségou Region,located in the administrative territorial entity
Nuzendla,2431.0,elevation above sea level
De belegering van de Citadel van Antwerpen door de Franse troepen,lithograph,genre
Landeck,Landeck District,contains administrative territorial entity
Complejo educativo Virgen de la Peana,Spain,country
Bourg-en-Bresse Cathedral,monument historique classé,heritage designation
"Collegiate church of San Luis, Villagarcía de Campos",Renaissance architecture,architectural style
Austria,Palais Erzherzog Albrecht,owner of
漢,漢 (U+FA47),CJKV variant character
Republic of Cyprus,30953320234,total reserves
Berlin Südkreuz station,InterCityExpress,operator
Movistar 2017,2017-01-01,point in time
USS Manistee,harbor tugboat,vehicle normally used
Porta Sant'Alessandro,Italian national heritage,heritage designation
Prélude,Impressionism,cover art by
Murzuq District,Libya,country
Bert och brorsorna,Sonja Härdin,director of photography
Oulu Business School,business school,instance of
Helvetica,Modern Lineal Neo-grotesque,fabrication method
Fritz the Elephant,Tours,notable work
1953 Paris-Tours,Pierre Molinéris,general classification of race participants
Biblical Basis for War,manifesto,instance of
San Cristóbal de las Casas,395.5,elevation above sea level
Faridpur,0,literate population
Concerto No. 1 in D Minor for Oboe and Orchestra: II.  Grazioso,concerto,instance of
Kingdom of Iraq,Mandatory Iraq,replaces
Apple Maps,Wikipedia article covering multiple topics,instance of
Montgomery Township,54.5,area
Gualda,Spain,librettist
Shayba Arena,Sochi,located in the administrative territorial entity
Malmö Isstadion,indoor ice rink,has facility
Thwaites Interdisciplinary Margin Evolution,research grant,World Heritage criteria
"Kilgarren castle, Cardiganshire",158.0,elevation above sea level
Diputación Provincial de Teruel,Spain,country
SymPy,BSD licenses,copyright license
Introducing Wikidata to the Linked Data Web,Denny Vrandečić,translator
[CWB2011] WLTV J045346.27-030329.0,Orion,constellation
Skivholme parish,Skanderborg Municipality,located in the administrative territorial entity
Scotland Run Golf Club,golf,relative
Snegurochka,female,sex or gender
1959 Belgian Badminton Championships,1960 Belgian Badminton Championships,follows
2017 Milano–Torino,2017 UCI Europe Tour,part of
de la Cruz,De la Cruz,different from
Roman Catholic Ecclesiastical Province of Kirkuk,Iraq,country
2003 Clásica de San Sebastián,2003-08-09,point in time
"Boulder, Bärletwald",Biel/Bienne,shares border with
SMS Thüringen,AG Weser,manufacturer
[FK2002] 6,0.013149,redshift
TYC 4687-2279-1,802.1819,distance from Earth
The Sims Wiki,The Sims,maintained by WikiProject
Magnemite,list of Pokémon introduced in Generation I,facet of
Svängen lighthouse,14.0,focal height
Västanfors IF,1916-01-01,inception
A. Gary Anderson Graduate School of Management,business school,instance of
Typhoon Kalmaegi,970,lowest atmospheric pressure
Scarbo,Impressionism,cover art by
iron-61,-1,spin quantum number
Scale model of Sans Pareil-MnM 13 MG 1,1/28.8th Scale model [[:en:Sans-Pareil-class ship of the line|''Sans-Pareil'']],title
Patharghata Upazila,387.36,area
N M Rothschild & Sons,financial services,industry
Plant Production Science,Plant Production Science,title
Azor,12227.0,population
Too Much Love Will Kill You,United States of America,country of origin
Dukan Dam,Iraq,basin country
Fendi,Rome,place of publication
Punta Judibana,4.0,elevation above sea level
Berlin Südkreuz station,tower station,instance of
praseodymium-133,cerium-133,decays to
Unava Reserve,Ukraine,significant place
UGC 3580,1208.0,radial velocity
Delaware County,county of Pennsylvania,instance of
2017 Quick-Step Floors,"2017 Tour de France, Stage 2",victory
"Balancing men, morals and money : women's agency between HIV and security in a Malawi village","Balancing men, morals and money : women's agency between HIV and security in a Malawi village",title
Pallars Sobirà,Spain,country
"Sheikha Al Mayassa: Globalizing the local, localizing the global",educational film,genre
Prince Harald Coast,Antarctica,continent
How to Train Your Dragon 2,AA,RTC film rating
Biblioteca Nazionale Centrale di Roma,State public library,instance of
Goalpara district,563577,literate population
Kopské sedlo,High Tatras,mountain range
2009 Pan American Badminton Championships,2010 Pan American Badminton Championships,follows
legislative body of Mayo County Council,County Mayo,applies to jurisdiction
National University Library of Turin,1720-01-01,inception
Plaqueta em Homenagem A Santos Dumont,gold,material used
Le Roi donne ses ordres pour attaquer en même tems quatre des plus fortes places de la Hollande 1672,laid paper,material used
RMS Transvaal Castle,231.7,height
2013 Danmark Rundt,2013-08-04,end time
Kuressaare City,2017-01-01,inception
Huawei Mate,Android,operating system
HYLAS-4,geostationary orbit,type of orbit
Subprefecture of  Itaquera,Office of the Subprefect of Itaquera,executive body
Lace sample inv. 851,Spain,country of origin
francium-222,isotope of francium,instance of
Legong,Bali,located in the administrative territorial entity
Japan,20,compulsory education (maximum age)
2011 Grand Prix d'Isbergues,2011-09-18,point in time
GNU Emacs,Microsoft Windows,platform
Bergwiesen Lippe mit Buchheller- und Mischebachtal,2003-01-01,inception
Biblioteca Riccardiana,Italian national heritage,heritage designation
Drivavassdraget,2488.04,watershed area
Kanto,Apokolips,place of birth
USS Keokuk,harbor tugboat,instance of
Polk County,1861-02-08,inception
Bend,76639.0,population
Saving Mr. Banks,2.35:1,stroke
Marina di Maratea railway halt,railway halt,named after
Unreal Engine,1998-05-01,publication date
148,148,numeric value
McMurdo Ice Shelf,Antarctica,continent
Itaú Unibanco,financial services,industry
Lacus Perseverantiae,Moon,dedicated to
Burg Absberg,bodendenkmal,taxa especially protected in area
Le Roi prend Mastrich en trente jours 1673,laid paper,material used
St. Martinus,Roman Catholic Diocese of Aachen,diocese
Trolleybuses in Lucerne,Verkehrsbetriebe Luzern,publisher
Mankinholes Hall  Mankinholes Youth Hostel,Todmorden,located in the administrative territorial entity
India Open Data Association,open access,significant event
Golden Acre,9 Adderley Street,located on street
Steppenwolf,Apokolips,place of birth
IRNSS-1I,geostationary orbit,type of orbit
Vernal Fall,Yosemite Wilderness,after a work by
potassium-37,argon-37,decays to
The Galileo Seven,Alexander Courage,librettist
1934 Grand Prix des Nations,140.0,event distance
2007 Pilot Pen Tennis,2006 Pilot Pen Tennis (women),follows
HaBesor Stream,Nahal Gerar,mouth of the watercourse
Violin Concerto No. 5,violin,instrumentation
Tango Rey,15.85,draft
Court-Saint-Étienne,Court-Saint-Étienne,capital
Vaihingen an der Enz,Kommunale Datenverarbeitung Region Stuttgart,operator
Karlsruhe,Bruchsal,contains administrative territorial entity
Jordan Media Institute,journalism school,instance of
Konstanz,817.95,area
francium-207,-1,spin quantum number
Revista Internacional de Sociología,Spanish National Research Council,publisher
Deutsches Institut für Menschenrechte,German Commission for UNESCO,member of
Ryongchon,North Korea,country
Plekhanov Russian Economic University,European University Association,employer
1962 European Athletics Championships,Belgrade,location
Copa de la Reina de Fútbol,Spain,country of origin
lead-200,21.5,half-life
2017 Le Samyn,2018 Le Samyn,followed by
Grasslands Nature Trail,Grasslands Nature Trail,native label
Envoy Rock,Antarctica,location of creation
Liberal Party of Japan,liberalism,political ideology
1935 Irish Open Badminton Championships,1935 Irish Open Badminton Championships – Men's doubles,has part
Arbory Hill,scheduled monument,heritage designation
Waag,Franeker,occupant
Mozonte,697.0,elevation above sea level
Hellboy,Hellboy,name in native language
Waag,Schoonhoven,located on terrain feature
SS Huntsend,Norddeutscher Lloyd,operator
Inscription of Abercius,Vatican City,location
781,11,prime factor
San Francisco el Grande Basilica,Madrid,located in the administrative territorial entity
V* AN CrB,30.6503,parallax
Redwood Meadow Ranger Station,National Park Service,operator
gold-200m,-1,spin quantum number
St. Helen's Gate,Cospicua,location
2003 Priority Telecom Open,2003-07-20,start time
Concerto for Violin and Strings,1822-01-01,inception
Charles County,Charles County Public Schools,school district
Attikos 10a-f,Attikos 9 (Pauly-Wissowa),follows
Metallo,English,language of work or name
pour les quartes,Impressionism,main subject
Wikimedia Incubator,Wikimedia project,instance of
KIC 4937056,NGC 6819,surface gravity
Goiás,Avá-Canoeiro,shares border with
Baguio,164125,rural population
Linna Golf Club,Hämeenlinna,headquarters location
Ecclesiastical province of Pamplona and Tudela,Spain,country
Gemini 2,unmanned spaceflight,use
Weinstadt,Kommunale Datenverarbeitung Region Stuttgart,interested in
Al Gore: Averting the climate crisis,climate change,part of the series
1969 Vuelta a Guatemala,Fulgencio Sánchez,winner
Cosgrove aqueduct,River Great Ouse,crosses
Carbisdale Castle,1910-01-01,inception
pour les huit doigts,Impressionism,main subject
Volvo Open Cup 37th - senior ice dance rhythm dance,Lolita Labunskaya,participant
San Cercle,Ségou Region,located in the administrative territorial entity
H&M,aktiebolag,legal form
Yorosso Cercle,5500.0,elevation above sea level
Real County,Leakey,capital
RV MTA Turkuaz,Turkey,country
Imperial Trans-Antarctic Expedition,Buenos Aires,headquarters location
"2017 Vuelta a España, Stage 15",Tomasz Marczyński,stage classification
Santa Maria del Mar,Spain,designated as terrorist by
1953 European Rowing Championships,1954 European Rowing Championships,followed by
Grandes éxitos,DRO,part of
Royal Library of Turin,State public library,instance of
playing children,270.0,length
Dormition Cathedral,Russian romantic,fabrication method
On the Wings of Love,ABS-CBN Corporation,distributor
HD 42954,HD 42954B,companion of
French Football Federation,FFF male player ID,Wikidata property
2019 Le Samyn,2020 Le Samyn,followed by
San Giovanni Battista a Corsano,Monteroni d'Arbia,headquarters location
2nd U-boat Flotilla,military unit,instance of
2018 Connecticut Open,2017 Connecticut Open,follows
Self Portrait,Self-portrait,cover art by
Mautara,0,literate population
NGC 5450,54.27139,right ascension
Tropical Depression Ten-E,1986-07-29,end time
stearic monoethanolamide,327.314,mass
Lower Town Church,Kleve,named after
Ecthelion II,House of Húrin,part of
cation transporter ATPase J    Rv3743c,hydrolase activity,molecular function
Leafpad,Unix-like,platform
Justice League – Original Motion Picture Soundtrack,Danny Elfman,producer
[MLF2014] 335837,-6.452,proper motion
Thủ Đức,Vietnam,country
ESO-HA 1293,3339,effective temperature
KV47,list of burials in the Valley of the Kings,list of monuments
Monsuno,65,annual number of weddings
Karlsruhe,Karlsruhe,capital
La Paz,310155.0,population
SWELLS SDSS J1203+2535 lens,Gravitational lens,fabrication method
Woodland Township,38.19,area
Sunset,László Rajk Jr.,composer
The Godfather Part II,The Godfather trilogy,part of the series
2009 NHK Trophy - ice dancing compulsory dance,ISU Judging System,organizer
Marcus Wright,English,language of work or name
Integrative structural biology for mechanisms of protein mis-folding and dysregulation: a Japan-UK partnership between Leeds and Osaka,research grant,World Heritage criteria
"The East Prospect of the City of Philadelphia, in the Province of Pennsylvania",51.4351028702,area
World Chess Championship 1929,chess,sport
Panda3D,BSD licenses,copyright license
The Brain's Body: Neuroscience and Corporeal Politics,Duke University Press,publisher
Buk lesní v Třebovicích,Fagus sylvatica,taxon common name
Pulp Fiction,Andrzej Sekuła,editor
L'Ascension-de-Notre-Seigneur,132.5,length
pour les sonorités opposées,Impressionism,main subject
Capia štrbina,High Tatras,mountain range
"Buildings VB13, 15, 16 & 17",listed on the Commonwealth Heritage List,heritage designation
Unter Verdacht: Die falsche Frau,2008-10-10,publication date
Hladový buk u Dětřichovce,remarkable tree,instance of
Alypia,15.2,beam
Berts bekymmer,Sonja Härdin,director of photography
RB 17A,Baden-Württemberg,operating area
2012 Copa Sony Ericsson Colsanitas,2012-01-01,point in time
"Volta Redonda mayoral election, 2016 - first round",223240,number of spoilt votes
Kreis Bergstraße,rural district of Hesse,instance of
Berlin Hackescher Markt station,category 4 railway station,Deutsche Bahn station category
SN 2007bd,supernova,instance of
legislative body of Wicklow County Council,5,number of constituencies
lanthanum-133,1114385.853,binding energy
Talavera la Nueva,Spain,librettist
Iran at the 1998 FIFA World Cup,Iran at the FIFA World Cup,librettist
cerium-124,66,neutron number
Rotterdam,Ahmed Aboutaleb,head of government
Vallinsgrundet,1974-01-01,inception
Munich massacre,hostage crisis,part of
USS Nanticoke,harbor tugboat,instance of
Wikidata as semantic representation platform of the scientific achievements of the biomedical Collaborative Research Centre 1002,1,publication interval
North Pond Wildlife Trail,North Pond Wildlife Trail,title
Institución Príncipe de Viana,Spain,country
Inuktitut Wikipedia,Wikipedia language edition,instance of
ketamine,medication,instance of
Pennsylvania State Senate,Pennsylvania,applies to jurisdiction
Bình Thạnh,Vietnam,basin country
2014 United States House of Representatives election in South Dakota,Kristi Noem,candidate
Schwarzenberg wind farm,wind farm,instance of
Dead Horse,United States of America,country of origin
passion,emotion,opposite of
Ctiborův dub,Střílky,location
GUVV J164725.0-015505.9,Ophiuchus,constellation
Camden Post Office,listed on the Commonwealth Heritage List,heritage designation
"two stone blocks, Büttenberg, Schlossbahn",80.0,length
Kopung County,31572.0,population
"Chagas disease: ""the new HIV/AIDS of the Americas""",Mother-to-child transmission of Chagas' disease in North America: why don't we do more?,author
INSAT-3B,ELA-3,child astronomical body
Biblioteca nazionale Vittorio Emanuele III,Italian national heritage,heritage designation
SDSS J154246.33+162951.7,Gravitational lens,fabrication method
Miss USA 2015,Miss USA 2014,presenter
Bielenberg mit Stollen,Bielenberg,territory overlaps
Cockroach Species File ID,distinct values constraint,property constraint
1999 Clásica de San Sebastián,2000 Clásica de San Sebastián,follows
Qt,macOS,platform
2013–14 Pro 12,2013-2014 one-year-period,time period
Litianmu Hui Ethnic Township,Cuizhuang,located in the administrative territorial entity
Black Knights' Tango,chess,platform
kindness,virtue,opposite of
"El Palmar, Murcia",minor local entity of Spain,instance of
Douthat State Park,1936-01-01,translator
Twentieth Conference on Neural Information Processing Systems,2006-12-04,start time
2000 African Badminton Championships,2000-01-01,point in time
[HL2008] 105409,22.37,apparent magnitude
rubidium-83,-1,spin quantum number
"Exile and Pride: Disability, Queerness, and Liberation",Duke University Press,publisher
2008 Australian Grand Prix,LXXIII ING Australian Grand Prix,official name
So Fresh: The Hits of Autumn 2010 + Bonus DVD,video album,instance of
Volkswagen Group,Audi,manufacturer
SDSS J212252.04+040935.5,135260.0,radial velocity
Freeciv,Microsoft Windows,platform
Holon,20.0,elevation above sea level
Nygårds hagar,Nykvarn Municipality,relative
Minas Geraes,Brazilian Navy,operator
MUFG Bank,financial services,industry
Crosswords,Panda Bear Meets the Grim Reaper,present in work
Prissy,amber,material used
1985 Boucles de la Mayenne,Boucles de la Mayenne,followed by
2025,Yoram Zack,presenter
rubidium-85,-1,spin quantum number
SN 2007bt,15.6,apparent magnitude
SAS Protea,79.0,length
Claveria,104014882.1,fiscal tax revenue
Llano de Brujas,locality,instance of
Villa Bonelli railway halt,Rete Ferroviaria Italiana,relative
Weatherhead School of Management,business school,instance of
Wiwon County,1160.4,area
Paul Mooney: Analyzing White America,color,eye color
SPARC Europe,open access,significant event
Berlin-Gesundbrunnen station,Gesundbrunnen,adjacent station
Nikël,Municipal unit of Albania,part of
1992 Slovenian Badminton Championships,1992 Slovenian Badminton Championships – Men's doubles,has part
World Chess Championship 1927,chess,sport
Nimrod Expedition,New Zealand,country of origin
German Federation of the Deaf,Berlin,headquarters location
Cala Dèntol,Spain,relative
Mamba,steel roller coaster,material used
Chamber Music by Chopin,"Introduction and Polonaise brillante in C major, Op. 3",main subject
alpha-linolenic acid,278.225,mass
Warzone 2100,multiplayer video game,game mode
Fortificació de Boí,Spain,relative
Lacus Lenitatis,Moon,dedicated to
Animator.ru person ID,Fyodor Khitruk,Wikidata property example
Frozen Bubble,Linux,platform
Northern Devon Healthcare NHS Trust,North Devon District Hospital,operator
Eighth Amendment of the Constitution of Ireland,416136,votes received
Neminatha,10.0,elevation above sea level
Japan National Route 57,Kumamoto,primary destinations
Chaldean Catholic Archeparchy of Bagdad,Iraq,country
Cornell University,Ithaca,headquarters location
The Adventures of Chip 'n' Dale,Bill Justice,author
R Cassiopeiae,5.3417,parallax
Lincoln Castle,scheduled monument,instance of
Quartiere Lagosta,housing estate,instance of
Gotland Infantry Regiment,1963-03-31,dissolved
HD 147528,PG 1619+123,companion of
Beinn Ìme,Ben Lui,parent peak
Shayba Arena,Adler Microdistrict,located in the administrative territorial entity
Metallo,Brian Austin Green,presenter
pour les agréments,Impressionism,main subject
2003 Madrid Trofeo Union Fenosa,Spain,country
Rossmann,9000000000,total revenue
Calasanz,minor local entity of Spain,instance of
acetaldehyde,acetaldehyde biosynthetic process,biological process
Thor Brings Ragnarok to the Marvel Cinematic Universe in 2017,press release,significant event
Wikispore,Wikimedia Cloud Services,owned by
Rottweil,667.0,elevation above sea level
Nuzendla,5541.0,population
Patterns of Force,Paramount Stage 31,tracklist
Jewish Orphanage Berlin-Pankow,1882-01-01,inception
Gregory Stock: To upgrade is human,educational film,genre
Fenerbahçe Women's Volleyball,Turkey,country
Liberal Party,social liberalism,political ideology
"Musée Saint-Raymond, 2000 14 129",gold,material used
Vienna,Bern,twinned administrative body
Yorosso Cercle,Mali,basin country
GNU Emacs,GTK,GUI toolkit or framework
Bitola inscription,Bitola,subject item of this property
Deutscher Bibliotheksverband,Berlin,headquarters location
Calpurnia gens,Calpurnii Pisones,ethnic group
Beauty and the Beast,John Carnochan,storyboard artist
1989 Spanish Open,Spain,country
Zootopia,AA,RTC film rating
Svenska Högarna lighthouse,kerosene,source of energy
Hamersley Group,Western Australia,operating area
Blowing snow and sea ice surfaces as a source of polar sea salt aerosol,research grant,instance of
Watonwan County,county of Minnesota,instance of
TPC of Scottsdale,Phoenix,headquarters location
Braunau am Inn District,Braunau am Inn,capital
Manly-Warringah Sea Eagles,National Rugby League,conferred by
Aitkin County,William Alexander Aitken,named after
Ronnie Lane & Slim Chance discography,Ronnie Lane & Slim Chance,performer
MYmovies actor ID,MYmovies movie ID,see also
Lingua Ignota,agglutinative language,instance of
2MASS J13264031-4726599,2,metallicity
The English Schoole-Master,dictionary,described by source
californium-240,240.062255842,mass
Quebec,Remembrance Day,public holiday
Ditzingen,Kommunale Datenverarbeitung Region Stuttgart,owned by
iPhone 5,2012-09-21,UTC date of spacecraft launch
Carta Geologica do Estado de S. Paulo,João Baptista de Campos Aguirra Collection,collection
Coupe de la Ligue,Ligue de Football Professionnel,organizer
Haworth Mesa,Antarctica,basin country
Sarah Silverman: Jesus Is Magic,color,eye color
Apple Maps,Maps,subject item of this property
Lotto NL-Jumbo 2017,Juan José Lobato,statistical leader
Státní okresní archiv Vyškov,state district archive,instance of
francium-213,-3552.848,mass excess
2018 Clásico RCN,2019 Clásico RCN,followed by
The Expanse,Joe Miller,storyboard artist
Vikingskipet,1992-12-19,inception
"Loneliness and Its Opposite: Sex, Disability, and the Ethics of Engagement",Duke University Press,publisher
Vaal de Grace Golf Estate,golf,sport
Statue of Adoniran Barbosa,1983-01-01,inception
"Maya Penn: Meet a young entrepreneur, cartoonist, designer, activist …",Maya Penn,librettist
3-hydroxytetracosanoyl-CoA,Homo sapiens,translator
theatre of Sarno,Italian national heritage,heritage designation
Beacon of Home cape,Spain,basin country
Chakhivskyi nature reserve,Ukraine,significant place
James B. Sheffield Olympic Skating Rink,indoor ice rink,instance of
Dundee Law,scheduled monument,heritage designation
Dvořákův platan,23.0,focal height
iPhone 5C,iOS,operating system
Syrian Catholic Eparchy of Our Lady of Deliverance of Newark,Arabic,language used
HD 194279,305.825687607359,declination
Sokal Raion,Ukraine,basin country
Luxor Resort & Casino,1993-10-13,date of official opening
Fuencarral-El Pardo,Madrid,located in the administrative territorial entity
HD 125040,HD 125040A,companion of
Státní okresní archiv Kutná Hora,state district archive,instance of
Rubers Law,scheduled monument,heritage designation
Changying station,China Standard Time,located in time zone
Bristol Bears,Bristol,headquarters location
Kaaswaag,Kaasmarkt,significant place
NGC 541,Heinrich Louis d'Arrest,discoverer or inventor
Ratne Raion,Ukraine,basin country
Macina Cercle,Mali,basin country
Nayagarh district,Nayagarh subdivision,contains administrative territorial entity
Μ,Ν,has part
Honda ST1300,Honda ST series,part of the series
Marjaniemi lighthouse,"NGA List of Lights, Radio Aids and Fog Signals",published in
Harlequin F.C.,Twickenham Stoop,place of burial
El Vilar,1968.0,elevation above sea level
Pontevedra,Pontevedra Province,located in the administrative territorial entity
Calasanz,Spain,librettist
San Gorgonio Pass Wind Farm,wind farm,instance of
District 5,Vietnam,country
The Tennis Court Oath,Musée de Louvre (Salle des Rubens),location
Baie de l'Isle-Verte National Wildlife Area,marine protected area,IUCN protected areas category
Arakawa-ku,218434.0,population
Victoria Barracks Squash Courts,0.02024519,area
Gemini 2,test flight,has quality
Army Cottage with return verandah,Vaucluse,located in the administrative territorial entity
Subprefecture of  Parelheiros,subprefect of Parelheiros,office held by head of government
Songgan County,North Korea,country
"El Palmar, Murcia",Spain,country
BD+08 102,11.00552660007,right ascension
El toreo. Gran diccionario tauromáquico,dictionary,described by source
lanthanum-131,1096518.077,binding energy
Chamberí,Madrid,located in the administrative territorial entity
simultaneity,sequentiality,subject item of this property
Main-Kinzig-Kreis,rural district of Hesse,instance of
Ōsumi Province,Kagoshima Prefecture,located in present-day administrative territorial entity
BD-00 2299,4405,effective temperature
HD 285497,2.92,absolute magnitude
Breisgau-Hochschwarzwald,Freiburg im Breisgau,shares border with
"XML Data Encoding Specification for Trusted Data Format, version 3",technical specification,subclass of
Proteomic solutions for analytical challenges associated with alcohol research.,2008-01-01,publication date
District 6,7.0,elevation above sea level
Chad,geography of Chad,geography of topic
Villa Bonelli railway halt,railway halt,part of
"Design drawing from the Jos De Beer collection, ref. obj-0002693",watercolor painting,fabrication method
"House of Slaves and “Door of No Return”: Gold Coast/Ghana Slave Forts, Castles & Dungeons and the Atlantic Slave Trade","House of Slaves and “Door of No Return”: Gold Coast/Ghana Slave Forts, Castles & Dungeons and the Atlantic Slave Trade",title
Oslo college of higher education,1912-01-01,inception
urease accessory protein UreF    Rv1851,cytoplasm,biological process
Japan National Route 197,maritime transport,highway system
Tour du Rwanda 2013,Tour du Rwanda 2014,followed by
Bueng Ba,Bueng Ba,named after
Senichkin,Mikhaylovka Urban Okrug,historical region
Using climate change information in ecosystems services for poverty alleviation research in China,12170,budget
5th International Conference on Computational Social Science,Sune Lehmann,has program committee member
2MASS J08294046-4251430,-1.602,proper motion
Lacus Spei,Moon,constellation
Pro Ecclesia et Pontifice,Order of St. Sylvester,next lower rank
Lille University of Health and Law,Couperin Consortium,employer
canton of Saint-Médard-en-Jalles,48603.0,population
Akita,Yurihonjō,unmarried partner
2014 Indian general election in Dakshina Kannada Lok Sabha constituency,2014 Indian general election in Karnataka,part of
On Wenlock Edge,public domain,copyright status
Fleca Balmes,Spain,librettist
Pagodes,Impressionism,genre
2016 Connecticut Open,2016-01-01,point in time
Transport and murder of Białystok children,Jews in Germany,target
1987 Boucles de la Mayenne,Boucles de la Mayenne,followed by
Santa Luzia e Praia da Glória,photograph,depicts
Hoeryong,North Korea,country
Earth Party,1993-08-12,dissolved
USS Natahki,harbor tugboat,instance of
Murray County,county of Minnesota,instance of
Wapping railway station,Wapping,located in the administrative territorial entity
Miss USA 2014,Miss USA 2013,presenter
Scale model of Millenium-MnM 2001.9.1,47.0,length
Cooma-Monaro Shire,2016-05-12,inception
New Zealand National Road Race Championships,January,season starts
Basilica of Saints Plechelm Wiro-and-Otger,Wera von Utrecht,designed by
1994 Winter Olympics,figure skating at the 1994 Winter Olympics,relative
Docklands Stadium,2000-01-01,date of official opening
Prince Albert National Park,3874.6,area
DeWalt DW311,1.125,stroke
BSAT-4a,3520.0,radial velocity
Univers,Modern Lineal Neo-grotesque,GUI toolkit or framework
September 1997,1997,followed by
Soyuz TM-3,1987-07-22,UTC date of spacecraft launch
Comarcal Council of Ribera d'Ebre,Spain,country
Biblioteca Palatina di Parma,Italian national heritage,heritage designation
Calcutta,4.0,unemployment rate
Ministry of the Army,Tokyo,headquarters location
2MASS J21402500+5816106,-4.448,proper motion
Wellington Council,2016-05-12,dissolved
"Stein, Pfadigrüebli",Biel/Bienne,contains administrative territorial entity
Olympia Eishalle,indoor ice rink,instance of
osmium-185,-1,spin quantum number
Aliens: Defiance,2016-04-27,date of first performance
So Fresh: The Hits of Spring 2010,The Hits of Spring 2010,title
Xatu,150.0,elevation above sea level
lead-182,55.0,half-life
Baldur,Hodhr,contains settlement
Santander Brasil,financial services,industry
Bund für Umwelt und Naturschutz Deutschland,Association for the Taxation of Financial Transactions and for Citizens' Action,member of
Chaldean Catholic Archeparchy of Mosul,Mosul,headquarters location
Salaspils,city under municipality jurisdiction in Latvia,instance of
Station 40 Schanzberg,1800-01-01,date of official opening
francium-227,2.47,half-life
Wertheim,Arbeitsgemeinschaft Deutsche Fachwerkstädte,member of
selenium,1.0,electronegativity
Deutsche Röntgengesellschaft,Berlin,headquarters location
2014 La Flèche Wallonne Féminine,Marianne Vos,general classification of race participants
573 King Street,573 King Street,located at street address
Constitutional Court of Spain,Madrid,headquarters location
Lacus Luxuriae,Moon,constellation
TB Uphusen,1912-01-01,inception
Cooper Township,charter township of Michigan,instance of
Costa Rican women's football championship,Costa Rican Football Federation,organizer
Húrin of Emyn Arnen,House of Húrin,part of
1979 ABN World Tennis Tournament,175000,prize money
2018 Minsk-Arena Ice Star - ice dance rhythm dance,2018 Minsk-Arena Ice Star - ice dance,part of
2011–12 Pro 12,2012-05-27,end time
Golf Club of Houston,golf,sport
Diccionario biográfico de artistas valencianos,"version, edition, or translation",copyright license
San Francisco Symphony,Michael Tilson Thomas,musical conductor
Alexander Nevsky Cathedral,1882-01-01,inception
Hungry Mother State Park,1936-01-01,inception
"Dětský domov se školou, SVP a ZŠ",1996-07-02,inception
2017 BYU Cougars men's volleyball team,2017-01-01,point in time
St Bartholomew's Church,scheduled monument,heritage designation
Miracle of the White Stallions,Isabella Schlichting,director
protactinium-229,29896.908,mass excess
2017 Le Samyn,2016 Le Samyn,followed by
1901 FA Cup Final,1900 FA Cup Final,follows
Diosphos Painter,-0500-01-01T00:00:00Z,floruit
Sita,female,sex or gender
bismuth-203,-1,spin quantum number
bismuth-202,201.9777331,mass
Marvel's 'Doctor Strange' begins production,press release,instance of
Ejnar Mikkelsen Fjeld,Sermersooq,located in the administrative territorial entity
Soyuz TMA-2,51.67,orbital inclination
2018 Sundvolden Grand Prix,54,event distance
Rajah,Henri Privat-Livemont,librettist
Son of Saul,László Rajk Jr.,composer
Council for Statutory Guarantees of Catalonia,Spain,country
M’hamid,Sheila Hicks,performer
11th arrondissement of Paris,Saint-Ambroise,contains administrative territorial entity
Hannah Bay Migratory Bird Sanctuary,Canadian Wildlife Service,operator
Google Glass,Android,operating system
Gazprombank,financial services,industry
Saldus,city under municipality jurisdiction in Latvia,instance of
Breisgau-Hochschwarzwald,247711.0,population
Crimean speech of President Putin,Vladimir Putin,speaker
Lisitsin Gambit,chess,material used
Cause and Effect,Dylan Bruno,director
Beinn Achaladair,1038.0,elevation above sea level
"(6Z,9Z,12Z,15Z,18Z)-tetracosapentaenoyl-CoA",Homo sapiens,found in taxon
Ukrainian Greek Catholic Eparchy of Buchach,Ukrainian Catholic Metropolitan Archdiocese of Ivano-Frankivsk,diocese
PGC 55844,J2000.0,epoch
1998 Páginas Amarillas Open,1998 Páginas Amarillas Open – Singles,has part
potassium-45,calcium-45,decays to
Paruro Province,Peru,country
Trasserra,Spain,relative
2008 European Figure Skating Championships - ice dancing compulsory dance,ISU Judging System,organizer
Beacon of Rúa island,Spain,basin country
Hockett Meadow Ranger Station,Civilian Conservation Corps,operator
El Soler de Mansolí,Spain,relative
Sieg,European bitterling,FAO risk status
Bundesverband Deutscher Gartenfreunde,Berlin,headquarters location
Currie Point,Western Australia,continent
Mas del carrer Enric d'Ossó,Spain,country
canton of Talence,arrondissement of Bordeaux,located in the administrative territorial entity
Mapa de Estradas de Rodagem,João Baptista de Campos Aguirra Collection,collection
Skrbeň,Moravia,historical region
Kartal,159.0,elevation above sea level
Find My iPhone,Wikipedia article covering multiple topics,instance of
Jelbart Ice Shelf,Antarctica,basin country
Biblioteca nazionale Sagarriga Visconti-Volpi,State public library,instance of
Mega Man,Mega Man X,notable work
bismuth-197,-1,spin quantum number
1969 Tirreno–Adriatico,Albert Van Vlierberghe,winner
Toki Pona,subject–verb–object,linguistic typology
King Edward Primary School,North Tyneside,location
cerium-126,1042430.382,binding energy
Buk lesní v Třebovicích,solitary,instance of
lead-186,185.984238196,stroke
Attic black-figure votive plate,3.5,copyright license
German People's Party,National Liberal Party,member of
Memorial Provincial Park,Winnipeg,significant place
ESO 320-35,0.4925,parallax
Peniel Heugh,scheduled monument,heritage designation
Pebble Beach Golf Links,72,slope rating
de la Cruz,de la,tussenvoegsel
British Columbia Highway 3,highway,highway system
Oakwood Primary School,Gloucestershire,located in the administrative territorial entity
Berts bryderier,Sonja Härdin,director of photography
Lacus Doloris,Moon,constellation
Today,NBC News,original broadcaster
1998 Páginas Amarillas Open,WTA Madrid Open,part of
2013 Eneco Tour,2013-08-18,end time
Carnivals of Lantz,Lantz,located in the administrative territorial entity
BSAT-4a,geostationary orbit,type of orbit
1994 Irish Open Badminton Championships,1995 Irish Open Badminton Championships,follows
Beinn Ìme,Arrochar Alps,mountain range
Pinjarra Massacre,Western Australia,continent
10th International Conference on Social Informatics,Sune Lehmann,has program committee member
SNCF 232.U.1,tender locomotive,significant event
Notre-Dame-de-Lourdes,83.5,length
Thailand,Japan,diplomatic relation
Carmen Fantasy,violin,instrumentation
Playford,1997-01-01,inception
Dothraki language,subject–verb–object,linguistic typology
Abraham,October 9,feast day
Yuzhnoye Tushino District,108978.0,population
SWELLS SDSS J1300+3704 lens,Gravitational lens,fabrication method
NGC 6281,494.0,radial velocity
Covington,Newton County,located in the administrative territorial entity
Incident on a Dark Street,Charles F. Wheeler,director
2009 European Grand Prix,2009-08-23,point in time
canton of Bern,1353-01-01,inception
Ӓ̄,Cyrillic script,writing system
Catherine Point,7.0,focal height
Owain Glyndŵr's Mount,scheduled monument,heritage designation
1964 Belgian Badminton Championships,1964-01-01,point in time
de la Rosa,de la,tussenvoegsel
Gotland Infantry Regiment,1887-01-01,inception
Nintendo GameCube,Nintendo,developer
Méndez Álvaro,Madrid,librettist
Clark County,Vancouver,capital
Buzfuz Rock,Antarctica,basin country
[SAB2013] SDSS J0105+0145 lens,Gravitational lens,fabrication method
medical physics,physics,instance of
The Sand-Covered Church,Lawrence of Rome,diocese
gold-202,-1,spin quantum number
Hortaleza,180462.0,population
ruthenium-110,66,atomic number
zodiac signs,zodiac,subject item of this property
Mortal Kombat,color,eye color
1159,19,prime factor
cour Saint-Émilion,12th arrondissement of Paris,located in the administrative territorial entity
palladium-124,38.0,half-life
Journal of the Iranian Chemical Society,food science,main subject
Monument voor 'Ome Jan',Aalten,location
Consejo Económico y Social,1991-06-18,inception
"Concerto No. 4 in F minor, Op. 8, RV 297",orchestra,instance of
Mõisaküla City,2017-01-01,inception
Pyftpdlib,Python,programming language
Dobele,city under municipality jurisdiction in Latvia,instance of
USS Muskegon,harbor tugboat,vehicle normally used
Allegro,iOS,platform
Kosmos 672,unmanned spaceflight,guidance system
United States of America,2.2,real gross domestic product growth rate
Gliese 208,52000,total produced
Praga-Południe,22.38,area
Apple Maps,Apple Maps,main subject
NGC 4235,7.19157363632,declination
Municipal elections 2017 in Tohmajärvi in Finland,3863,eligible voters
Kurdistan Workers' Party,Kyrgyzstan,country
Marinid Sultanate,1244-01-01,inception
McDonald Ice Rumples,Antarctica,location of creation
HD 21427,9078,effective temperature
S25,S-Bahn Berlin GmbH,operator
"Boulder, Chräjeberg, wayside outside of the forest",Biel/Bienne,located in the administrative territorial entity
Bert Clay,English,language of work or name
Miss Hawaii's Outstanding Teen,Kaneohe,presenter
Klondike Gold Rush National Historical Park,IUCN category V: Protected Landscape/Seascape,IUCN protected areas category
francium-214,-1,spin quantum number
2016 Tour de France,39.616,speed
KV42,list of burials in the Valley of the Kings,facet of
District 6,Vietnam,country
Maysoon Zayid: I got 99 problems ... palsy is just one,2013-12-04,publication date
Pan,Aline Bonetto,librettist
District 10,Vietnam,country
QW Puppis,Gamma Doradus variable,type of variable star
UGC 6818,-1.446,proper motion
Madison County,Madison County,different from
HD 223991,HD 223991A,companion of
Advisory Council for the National Transition,Spain,country of origin
Salacgrīva,city under municipality jurisdiction in Latvia,instance of
CA Brive,Brive-la-Gaillarde,headquarters location
11,2,prime factor
Tsu,Zhenjiang,country for sport
1985 Scottish Open Badminton Championships,1985-01-01,point in time
Manpura Upazila,Bangladesh,country
Deutsches Institut für Menschenrechte,Berlin,headquarters location
Ich heirate eine Familie,Peter Sandloff,presenter
Romansh,Graubünden,indigenous to
Schloss Amberg,Feldkirch,location
Baj Pomorski Theater,Elżbieta i Mateusz Grochoccy,translator
[SAB2013] SDSS J0921+1810 lens,Gravitational lens,fabrication method
Arapahoe County,"National Register of Historic Places listings in Arapahoe County, Colorado",list of monuments
RPyC,Python,programming language
Lily,Lily,different from
2017 Tour Down Under,2018 Tour Down Under,followed by
The BFG,Suitable for all audiences,ICAA rating
1988 Spanish Open,Spain,country
Abraham,Ishmael,mother
Kirkstall Abbey,scheduled monument,heritage designation
Draw the Line,Al Hirschfeld,storyboard artist
Cabildo,1455.3,population
Berts vidare betraktelser,New York City,place of publication
Buk lesní v Třebovicích,440,perimeter
canton of Lormont,arrondissement of Bordeaux,located in the administrative territorial entity
Tajik Wikipedia,Wikipedia language edition,instance of
AG2R La Mondiale 2018,AG2R La Mondiale,teams classification by time
Menemen railway station,wheelchair accessible,wheelchair accessibility
Long Island Rail Road,1435 mm track gauge,track gauge
2017 Connecticut Open,2016 Connecticut Open,follows
İller Bankası Women's Volleyball,Turkey,country
Kiskunfélegyháza,99.0,elevation above sea level
Italian battleship Conte di Cavour,Nazi Germany,relative
Beyazıt Tower,tower,instance of
Húrin of Emyn Arnen,Ruling Steward of Gondor,position held
Sucina,locality,instance of
lead-189,188.980843639,translator
University of Sydney Business School,business school,instance of
1989 Milan–San Remo,1989-03-18,point in time
Bohuslän Regiment,1992-06-30,dissolved
copper,29,atomic number
2012–13 Pro 12,Pro14,has part
Apollo 14,Apollo 13,followed by
Blairgowrie and Rattray,locality,instance of
Intimidator,steel roller coaster,guidance system
Umeå City IBK,1984-01-01,inception
Centro,Madrid,headquarters location
Porte d'Orange de Carpentras,monument historique classé,heritage designation
RE:Ala 2,"Pauly-Wissowa vol. I,1",published in
Malmö Isstadion,IK Pantern,owner of
The American Journal of Medicine,Elsevier,place of publication
Horrible Imaginings,August,month of the year
Association of Black Anthropologists,anthropology,field of work
"Grane Mill, Haslingden Including Boundary Walls And North Yard",Haslingden,named after
Epsilon Coronae Australis,31.1636,area
Kusong,North Korea,country
2012 New Haven Open at Yale,2012-01-01,point in time
Lake Bolsena,13.0,elevation above sea level
"2017 Giro d'Italia, Stage 9",Vincenzo Nibali,points classification
1991 Plume d’Or,Strasbourg,destination point
"The 42nd IEEE International Conference on Acoustics, Speech and Signal Processing","International Conference on Acoustics, Speech, and Signal Processing",part of the series
Porta Elisa,Italian national heritage,heritage designation
gadolinium-161,1314917.751,binding energy
Nelson County,Lakota,located in the administrative territorial entity
Wikispore,wiki hosting service,instance of
Rutland,165.0,elevation above sea level
1998 Páginas Amarillas Open,Spain,country
Andrés Ibáñez Province,province of Bolivia,instance of
Communauté de communes du Val Briard,La Houssaye-en-Brie,headquarters location
Marjory Stoneman Douglas High School shooting,Nikolas Cruz,target
2018 AFC Women's Asian Cup qualification,2014 AFC Women's Asian Cup qualification,follows
Vaihingen an der Enz,Arbeitsgemeinschaft Deutsche Fachwerkstädte,librettist
Lacus Autumni,Moon,constellation
Al Seckel: Visual illusions that show how we,educational film,genre
Munich massacre,1972-09-06,end time
Ecthelion II,Ruling Steward of Gondor,position held
2016 European Grand Prix,Nico Rosberg,pole position
Scarborough,816.4871,area
253,11,prime factor
Wadi al Hayaa District,Libya,country
SN 2007bc,16.1,apparent magnitude
Brisbane International,Brisbane,headquarters location
Oh My G!,ABS-CBN Corporation,original broadcaster
"Combining Dictionaries, Wordnets and other Lexical Resources – Advantages and Challenges",Danish,language of work or name
Fête de la Fédération au Champ de Mars. 14 juillet 1790,cycle of paintings,part of
Families in War and Peace: Chile from Colony to Nation,Duke University Press,publisher
Munoz,Munoz,name
francium-226,isotope of francium,instance of
Drummondville,Frederick Heriot,after a work by
Sandhammaren lighthouse,kerosene,source of energy
Lillehammer,1838-01-01,inception
francium-211,-1,spin quantum number
Offenbach am Main,list of cultural heritage monuments in Offenbach am Main,list of monuments
2015 Heilbronner Neckarcup,2015-05-17,end time
[GBN2014] 31,237.8706,distance from Earth
63,2,prime factor
Moskovsky District,Belovodskoye,contains administrative territorial entity
Vatican Library ID,distinct values constraint,property constraint
Trabalho por uma Paulista Sustentável,Green Party,member of
Örngrund,Admiralty List of Lights and Fog Signals,list of monuments
Ben Vorlich,Arrochar Alps,mountain range
Jiménez,Jiménez,capital of
Buk lesní v Třebovicích,22.0,height
25,2,prime factor
SDSS J133751.31+362018.0,Gravitational lens,fabrication method
ruthenium-110,-80072.576,mass excess
NGC 4235,0.158,redshift
Tupelo,Tupelo,name
francium-209,-1,spin quantum number
2001 Volta ao Alentejo,Andrei Zintchenko,winner
"Het dok voor het Hansahuis, Antwerpen",lithograph,superhuman feature or ability
software,Wikipedia:Vital articles,topic's main template
The Estancia Club,golf,sport
St. Jakobus,Roman Catholic Diocese of Aachen,diocese
osmium-181,-1,spin quantum number
MESSENGER,2015-04-30,date of official opening
Thirty-seventh International Conference on Machine Learning,Messe Wien,has program committee member
Scheuereck,3,number of houses
CEPADE - Universidad Politécnica de Madrid,Madrid,headquarters location
Dobrich,91030.0,population
Rugby union at the 1908 Summer Olympics,White City Stadium,location
"2017 Giro d'Italia, Stage 9",Dimension Data 2017,stage classification
Lura IL,"Lura, Norway",named after
Illinois Department of Corrections,Illinois,applies to jurisdiction
Princess Leia,Rebel Alliance,member of
Selekcja II. Skorpion,Henryk Talar,translator
Patterns of Force,color,fabrication method
Falls Church,5.311313,area
Villaviciosa,Colunga,shares border with
2018 Le Samyn,2017 Le Samyn,follows
Plate,1966-01-01,service entry
SDSS J084054.18+505152.8,Gravitational lens,fabrication method
[DCD2013] CSS J134315.7+094544,Boötes,constellation
Aroma Province,province of Bolivia,instance of
Province of Bari,3825.0,elevation above sea level
Stevens County,1863-01-01,inception
"Levan, Fier",Municipal unit of Albania,instance of
2018 UCI Road World Championships – Women's road race,2019 UCI Road World Championships – Women's road race,followed by
Huichon,North Korea,country
semitendinosus muscle,quadriceps femoris muscle,antagonist muscle
ITunes Live from SoHo,ITunes Live from SoHo,title
Throgs Neck Bridge,Interstate 295,carries
India,4.0,unemployment rate
Diccionario biográfico matritense,"version, edition, or translation",instance of
iron-63,543787.587,binding energy
22,2,prime factor
lead-198,1560035.862,binding energy
К̆,Cyrillic script,writing system
opinion joined by,always incomplete,expected completeness
Zosterops auriventer,Zosterops,parent taxon
San Cercle,Mali,basin country
Romansh,syllabic language,writing system
Palmer Station,Antarctica,located in the administrative territorial entity
Hurricane Gilma,1994-07-31,end time
Austria,euro,currency
Rowing at the 2016 Summer Olympics,2016-01-01,point in time
Chamberí,137401.0,population
Governor of Maryland,Government House,organization directed from the office or person
University of Exeter Business School,business school,instance of
4th Annual International Conference on Computational Social Science,Sune Lehmann,has program committee member
University Arena,Western Michigan University,operator
Lesotho,outline of Lesotho,Wikimedia outline
mometasone/formoterol,formoterol,World Health Organisation International Nonproprietary Name
NGC 6793,1100.0,distance from Earth
IC 756,J2000.0,epoch
Betriebsbahnhof Rummelsburg station,category 4 railway station,Deutsche Bahn station category
1796 United States presidential election,1796-06-21,point in time
2016 MercedesCup,2016-01-01,point in time
Daniel Alcides Carrión Province,Peru,country
Anju,North Korea,country
3-oxodocosanoyl-CoA,Homo sapiens,translator
Fairy Stone State Park,1936-01-01,inception
Figure skating at the 2020 Winter Youth Olympics – Ice dancing,Anna Cherniavska,participant
lead-187,-14986.959,mass excess
Curarrehue,1170.7,area
Niono Cercle,Ségou Region,located in the administrative territorial entity
Orchestre de la Suisse Romande,Geneva,headquarters location
Johanneshov ice stadium,9000,maximum capacity
Chimney of Ricardo Martínez brickyard,Spain,country of origin
Wadi al Shatii District,Libya,country
Tuperssuatsiat bay,Greenland,significant place
Rwandan Women Rising,Duke University Press,publisher
1994 Winter Olympics,Nordic skiing at the 1994 Winter Olympics,relative
MLCG 0619,Boötes,constellation
Saturday Night Live,Beth McCarthy-Miller,presenter
KV11,list of burials in the Valley of the Kings,list of monuments
1968 European Indoor Games,1968-03-10,end time
Sintfeld wind farm,wind farm,instance of
Friedrich Loeffler Institute,1910-01-01,inception
Ꙥ,Cyrillic script,writing system
Halloween,color,eye color
Grasas y Aceites,Spanish National Research Council,editor
Sacred Heart Major Seminary,"2701 Chicago Blvd, Detroit, MI, 48206-1799",located at street address
Brasschaat,Brasschaat,name in native language
1994 Slovenian Badminton Championships,1994 Slovenian Badminton Championships – Men's doubles,has part
Thwaites Interdisciplinary Margin Evolution,Natural Environment Research Council,sponsor
ghrelin,Homo sapiens,taxa especially protected in area
Santa Luzia e Praia da Glória,Church of Our Lady of the Glory of Outeiro,dedicated to
Lord Nelson Inn,inn,has facility
Weirs,electronica,industry
season,television series season,librettist
Army Cottage with return verandah,listed on the Commonwealth Heritage List,heritage designation
1986 Boucles de la Mayenne,Boucles de la Mayenne,followed by
acetaldehyde,23,median lethal dose (LD50)
2005 European Figure Skating Championships - ice dancing compulsory dance,ISU Judging System,organizer
Avatar 2,2021-12-17,UTC date of spacecraft launch
Ctiborův dub,solitary,instance of
The Paranoid Style in American Politics,conspiracy theory,main subject
Pustomyty Raion,Ukraine,country
FIDE World Chess Championship 1998,chess,sport
Bund für Umwelt und Naturschutz Deutschland,Berlin,headquarters location
Sun Baked Snow Cave,Early Computer Works,production company
NGC 7654 835,351.13279780911125,declination
So Fresh: The Hits of Spring 2009 + Bonus DVD,video album,instance of
Pleasants County,349.0,area
Tropical Storm in 1990 Edouard,75,maximum sustained winds
Glazer Children’s Museum,Tampa,located in the administrative territorial entity
V* QU CMa,Canis Major,constellation
Province of Genoa,Province of Piacenza,shares border with
Esteban Arce Province,province of Bolivia,instance of
Doble Kara,ABS-CBN Corporation,distributor
mlpy,Python,programming language
Route nationale 636,Juillan,terminus location
Baca County,3682.0,area
1965 Danish Badminton Championships,1965-01-01,point in time
So Fresh: The Hits of Autumn 2009 + Bonus DVD,video album,instance of
Flik 41J,World War I,conflict
Caiyuanba Bridge,Line 3,structural engineer
Vogelsberg wind farm,wind farm,instance of
Song of the South,Bill Peet,storyboard artist
Alexander Nevsky Cathedral,Warsaw,located in the administrative territorial entity
Turkey,1378723,number of out-of-school children
Avon Park Air Force Range,Avon Park,significant place
Le Roi donne ses ordres pour attaquer en même tems quatre des plus fortes places de la Hollande 1672,public domain,copyright status
Ski jumping at the 1960 Winter Olympics,Helmut Recknagel,presenter
2016 Le Samyn,2017 Le Samyn,followed by
Envoy Rock,Bellingshausen Sea,mouth of the watercourse
Eddie Murphy Raw,color,eye color
silver-129,82,atomic number
Milwaukie,20291.0,population
Perlesreut,381,number of households
Tropical Storm in 1990 Fran,1990 Atlantic hurricane season,part of the series
Texas Hold'em King,Android,platform
Process,classical music,genre
creator's signature,"The Annunciation, with Saint Emidius",Wikidata property example
Fastlane,WWE Raw,business division
In Blue,thread,is a list of
Muswellbrook Post Office,0.13942523,area
Falls of Clyde,81.13,height
Plana Alta,Sant Joan de Moró,located on terrain feature
Ghat District,Libya,basin country
Gorjansko military cemetery,Gorjansko,location
Rise of the Triad,digital download,distribution format
Province of Genoa,Province of Savona,replaces
FC Barcelona Futsal,Primera División de Futsal,league
Abdet,minor local entity of Spain,instance of
Dacorum,UTC±00:00,located in time zone
Osnabrück Central Station,InterCityExpress,connecting service
No. 62 Wing RAAF,1945-11-27,date of official opening
Thrissur,315596.0,population
World Esperanto Congress 1987,1987-08-01,end time
Vatican Library ID,Vatican City,Wikidata property example
2006 European Figure Skating Championships - ice dancing compulsory dance,ISU Judging System,organizer
Lake Bracciano,160,vertical depth
RB 13,Baden-Württemberg,operating area
Japan National Route 390,maritime transport,highway system
Hockett Meadow Ranger Station,National Park Service,operator
2006 Australian Grand Prix,2006 Formula One season,part of
Trois-Rivières,Sieur de Laviolette,contains settlement
Degania Alef,1910-01-01,inception
Stoumont,108.45,area
Cologne I,Karsten Möring,director of photography
Theobalds House,scheduled monument,instance of
protactinium-222,22155.0,mass excess
"Children, Young People and Education Committee - Fourth Assembly",2016-04-06,dissolved
Ardalion Ignatyev,Soviet Union,country for sport
Southern Ocean Seaspray Aerosol Flux Experiment,research grant,level of description
Forevermore,ABS-CBN Corporation,parent organization
Courtesan Reading a Letter,1759-01-01,publication date
2012 European Grand Prix,Spain,country
Julia gens,feminine,has grammatical gender
2018 Vuelta del Uruguay stage 2a,2018 Vuelta del Uruguay stage 2b,follows
The Godfather,color,eye color
2009 Copa Sony Ericsson Colsanitas,2009-02-16,point in time
2018 Indonesia Open Badminton Championships,2018-07-08,end time
Aindling,Aindling,family name identical to this given name
gold-200,-1,spin quantum number
Natalie MacMaster: Fiddling in reel time,TED2003,collection
Concón,32273.0,population
So Fresh: The Hits of Winter 2009 + Bonus DVD,video album,instance of
2MASS J19453187+4724345,296.3827957059777,declination
Cagayan de Oro,1871-01-01,inception
Chester County,county of Pennsylvania,instance of
Camp des Loges,Saint-Germain-en-Laye,headquarters location
Vermont Senate,Vermont General Assembly,legislative body
St. Martin,Roman Catholic Diocese of Aachen,diocese
Wyoming County,23019.0,population
Burhanuddin Upazila,Bangladesh,basin country
Tetuán,Madrid,place of publication
T2WML: Table To Wikidata Mapping Language,scientific article,instance of
Visby Novisen 4,Visby Novisen 5,units sold
De Warande,1977-10-08,inception
BCF Arena,1983-01-01,date of official opening
Tangutur mandal,16290,female population
Mont Donon,273,reservoir created
Abbot Ice Shelf,Antarctica,basin country
Le Sueur County,county of Minnesota,instance of
Król Henryk VI. Część I,Kraków,librettist
Lacus Spei,76.7,length
Indian River County,141994.0,population
KV Arena,indoor ice rink,has facility
2014 Indian general election in Rajnandgaon Lok Sabha constituency,Narendra Bansod,candidate
Barbotine Vase,public domain,copyright status
Montblanc,350.0,elevation above sea level
2009 Virginia gubernatorial election,2013 Virginia gubernatorial election,follows
KIC 5111949,NGC 6819,part of
Abraham Van Helsing,Bram Stoker,performer
Togou,Ségou Region,located in the administrative territorial entity
Kurdistan Workers' Party,Kurdistan Region,located in the administrative territorial entity
[HL2008] 102471,Whirlpool Galaxy,part of
Tauern wind farm,wind farm,instance of
Captain America: The Winter Soldier,2.35:1,stroke
Fontainejean Abbey,Cistercians,religious order
iPhone 8 Plus,iOS,operating system
Saarloq,Greenland,located on terrain feature
Fujifilm X-T2,digital camera model,instance of
Torres d'Ogern,Renaissance architecture,architectural style
Four Tapestries from 'The Months of Lucas',December,part of the series
39 Draconis,-24.53,proper motion
München-Berg am Laim station,category 4 railway station,Deutsche Bahn station category
Santhanuthala Padu mandal,3358,female population
HD 13043,-39.227,proper motion
Granfors Hydroelectric Power Station,1952-01-01,date of official opening
Mount Carmel,8.0,focal height
RDFShape: An RDF playground based on Shapes,scientific article,instance of
German,Austrian German,has grammatical gender
Milan – San Remo 2019,Michał Kwiatkowski,translator
87 Sylvia,73.0583132800432,declination
Brothers,33,number of seasons
White Swan Inn,inn,has facility
Bach Ice Shelf,Antarctica,basin country
Allegro,macOS,platform
Hamburg Media School,2003-01-01,inception
Lille University of Health and Law,European University Association,employer
Ernakulam,558000.0,population
Cabinet of M.P. Friis,1920-04-05,inception
Victoria Barracks G Block,listed on the Commonwealth Heritage List,heritage designation
Pater Noster lighthouse,kerosene,source of energy
Socialists - Citizens for Change parliamentary group,37,number of representatives in an organization legislature
Anantanatha,150.0,elevation above sea level
"Clarinet Concerto No. 1 in F Minor, Op. 73: III. Rondo. Allegretto",concerto,instance of
Chiclayo Province,Peru,country
Line 9,Beijing Mass Transit Railway Operation Corporation Limited,operator
Póvoa de Varzim,Barcelos,located in the administrative territorial entity
Hwapyong County,North Korea,country
Gateway Of Carnarvon Castle,t1154233968,number of records
Kushiro Subprefecture,Okhotsk Subprefecture,shares border with
Dračia hlava,High Tatras,present in work
June 2014,2014-06-30,end time
PGR EXPRESSION,breast cancer,positive prognostic predictor
"Blue Hill Historical Society, Maine",Blue Hill Historical Society,official name
SDSS J163150.32+185404.0,Gravitational lens,fabrication method
Ravid,170.0,elevation above sea level
Mercury-Redstone 4,Gus Grissom,crew member
1973 German Open Badminton Championships,1972 German Open Badminton Championships,followed by
new stable in Myllymäki torp,Myllymäki torp,named after
USS Mishawaka,harbor tugboat,instance of
University of Exeter Business School,University of Exeter,part of
Delta Equulei,6299,maximum capacity
Apollo 15,Apollo 14,follows
Morbius,Matt Sazama,presenter
The Beast in the Jungle,public domain,copyright status
Buk lesní v Třebovicích,remarkable tree,instance of
West Ham station,District line,connecting line
Kapelludden lighthouse,Admiralty List of Lights and Fog Signals,heritage designation
Chimney of Jesús Bueno Factory,Spain,country
Trøllhøvdi,UTC±00:00,located in time zone
Yuno Gasai,shirt,wears
Legislative Assembly of Tocantins,Tocantins,applies to jurisdiction
1930 European Rowing Championships,1931 European Rowing Championships,followed by
Torre d'Escaló,Escaló,location
californium-242,isotope of californium,instance of
2019 Paris–Roubaix,Christian Knees,general classification of race participants
Calpurnia gens,feminine,has grammatical gender
droperidol,2.5,lower flammable limit
"Boulder, Büttenberg, Crossing Bartolomäusweg/ Jungholzweg",2.0,number of spans
Nintendo 3DS,2011-02-26,publication date
2017 Connecticut Open,2017-01-01,point in time
NCL ID,distinct values constraint,property constraint
Brämaregården,Brämaregårdens parish,replaces
ASTM D4975,ASTM standard,subclass of
osmium-182,1454130.496,binding energy
[HL2008] 87768,Whirlpool Galaxy,part of
District 11,Vietnam,country
Province of Florence,Province of Siena,replaces
Swingate Inn,inn,has quality
Gemini 2,1965-01-19,UTC date of spacecraft launch
Minister for Police,Premier of South Australia,nominated by
40 cm/45 Type 94 naval gun,1945-01-01,inception
Convento da Ajuda,photograph,depicts
The Royal Oak Inn,"Brookland, Kent",located at street address
Family Guy: Live in Vegas,various artists,lyrics by
Borno State,1976-02-03,inception
Ivakhnivtsi Forest,Ukraine,country
Hasling,3,number of houses
SDSS J212252.04+040935.5,Gravitational lens,type of variable star
Groß-Gerau,87.0,elevation above sea level
SEB Pank,financial services,industry
2003 European Grand Prix,60.0,event distance
Golan Levin: Software,educational film,genre
Changying station,Caofang station,adjacent station
Libraries Australia ID,type constraint,property constraint
Santi Simone e Giuda,Italian national heritage,heritage designation
Argentina,Argentine National Congress,legislative body
Kerava railway station,1878-01-01,date of official opening
2010 Uber Cup – Qualification Africa,women's team,competition class
1967 World All-Round Speed Skating Championships for Men,1967-02-11,point in time
German Democratic Party,Progressive People's Party,member of
NGC 2189,Orion,constellation
Orelle,349.0,elevation above sea level
Austria,Österreichische Bundesforste,member of
[HL2008] 102471,21.361,apparent magnitude
V* V2657 Ori,5980,effective temperature
Deutsche Gesellschaft für Internationale Zusammenarbeit,German Commission for UNESCO,member of
2008 Skate America - ice dancing compulsory dance,ISU Judging System,organizer
British High Commission Port Moresby,Port Moresby,location
Vivekananda Institute of Professional Studies,journalism school,instance of
de la Puerta,de la,tussenvoegsel
bakery in Oulun Osuuskauppa,1910-01-01,inception
Alberta,Good Friday,public holiday
Renascer de Rio Das Ostras,Green Party,member category
11th U-boat Flotilla,military unit,instance of
Cap Harvey,Cap Harvey,relative
"Chagas disease: ""the new HIV/AIDS of the Americas""",Side effects of benznidazole as treatment in chronic Chagas disease: fears and realities.,title
Bystré sedlo,High Tatras,location
The Incredible Hulk,2.35:1,stroke
February 1974 United Kingdom general election,Harold Wilson,candidate
Caló de S'Estaca,Spain,relative
HD 195592,52.0,stellar rotational velocity
"2017 Vuelta a Guatemala, Stage 6",individual time trial,stage classification
Esperanto,L. L. Zamenhof,owned by
Modern pentathlon at the 2016 Summer Olympics,2016-01-01,end time
Kafr Qasim,Israel,designated as terrorist by
Cause and Effect,Growin' Up,tracklist
"Apuntes para una biblioteca española de libros, folletos y artículos, impresos y manuscritos, relativos al conocimiento y explotación de las riquezas minerales y a las ciencias auxiliares : acompañados de reseñas biográficas y de un ligero resumen","version, edition, or translation",title
1964 Scottish Open Badminton Championships,1964-01-01,point in time
The BFG,Particularly suitable for kids,ICAA rating
Fulda,Kassel Government Region,located in the administrative territorial entity
Poliespo,agglutinative language,linguistic typology
Treviño,minor local entity of Spain,instance of
WWE Greatest Royal Rumble,WWE Raw,business division
Aulavik National Park,Yellowknife,significant place
Lomnické sedlo,High Tatras,mountain range
Superbird-B3,geostationary orbit,type of orbit
Castra of Osterburken,Osterburken,located in the administrative territorial entity
Kolsh,Municipal unit of Albania,instance of
Appliqué inv. 848,appliqué,fabrication method
CDKN2A p16 EXPRESSION,CDKN2A,biological variant of
"Health, Wellbeing and Local Government Committee - Third Assembly",2011-03-31,dissolved
Back in Time,Back in Time,recording or performance of
Optics Express,1997-01-01,inception
Novoazovsk wind farm,Ukraine,country
Berts första betraktelser,Sonja Härdin,editor
Cosmonaut Games,Spain,country of origin
Colegio Mayor Diego de Covarrubias,Spain,country
Danish Football Association,Denmark national football team,owner of
Kūkō Line,Sanyo Shinkansen,structural engineer
2MASS J21402500+5816106,0.3541,parallax
Metropolitan Cathedral of Athens,Eastern Orthodox Church,religion
Lake Shala,1558.0,elevation above sea level
1927 Irish Open Badminton Championships,1927-01-01,point in time
Justice League – Original Motion Picture Soundtrack,Danny Elfman,producer
Betagi Upazila,Bangladesh,basin country
Churra,locality,instance of
2001 Denmark Open Badminton Championships,2001 Denmark Open Badminton Championships – Men's singles,has part
Hvidovre Icehockey Club,indoor ice rink,has facility
Province of Florence,Province of Pisa,replaces
Avatar 2,English,language of work or name
Gamboa e Caju,photograph,instance of
1945 Danish Folketing election,Knud Kristensen,successful candidate
2010 Uber Cup – Qualification Asia,women's team,competition class
Hank Williams With His Drifting Cowboys discography,Hank Williams With His Drifting Cowboys,author
Wisconsin gubernatorial recall election,2012-06-05,point in time
Nintendo 3DS,Nintendo,platform
1976 American Airlines Tennis Games,1976 American Airlines Tennis Games – Singles,has part
Syro-Malabar Catholic Eparchy of Rajkot,Roman Catholic Diocese of Ajmer,diocese
osmium-182,106,atomic number
First Epistle to the Thessalonians,New Testament,has part
Montblanc,7364.0,population
Japan National Route 338,road,of
NGC 2204,8.6,stellar rotational velocity
antimony-107,4.0,spin quantum number
S'Algar,Spain,relative
Kassel-Wilhelmshöhe station,equestrian station,instance of
CA Brive,Jeremy Davidson,musical conductor
2011 UCI Road World Championships – Women's road race,2011 UCI Road World Championships,part of
"Concerto No. 3 in F major, Op. 8, RV 293",orchestra,main subject
Trolleybuses in Biel/Bienne,Biel/Bienne,capital
Monsuno,list of Monsuno episodes,list of episodes
Japan,history of Japan,history of topic
Stadio Olympica,indoor ice rink,has facility
francium-225,isotope of francium,instance of
Ice rink at the West Station,indoor ice rink,instance of
Visby Novisen 5,Visby Novisen 6,units sold
Glorious Godfrey,Glorious Godfrey,name in native language
USS Natick,harbor tugboat,vehicle normally used
Octomore,Port Charlotte,location of creation
Padre Abad Province,Peru,country
Santhamaguluru mandal,Santhamaguluru,capital
Labinot-Fushë,Municipal unit of Albania,instance of
2MASS J14382831+8229397,1860.119,distance from Earth
Vubwi District,975.0,elevation above sea level
United Kingdom of Great Britain and Ireland,London,headquarters location
SMS Westfalen,AG Weser,operator
Montmorency Falls,85.0,elevation above sea level
Est 1002 to 1005,tender locomotive,subclass of
taekwondo at the 2016 Summer Olympics,2016-01-01,end time
World Esperanto Congress 1960,1960-08-06,end time
[KAD2010] SDSS J1537+6556 lens,Gravitational lens,fabrication method
Windpark A7,wind farm,instance of
2016 New York and New Jersey bombings,29,number of injured
East Bay Migratory Bird Sanctuary,Canadian Wildlife Service,operator
Lacus Timoris,Moon,constellation
Bezymyanka,Mikhaylovka Urban Okrug,historical region
Levi,Jacob,child
CHEOPS,Ensemble de Lancement Soyouz,composer
40 Eridani A,198.5657,distance from Earth
2017 Presidential Tour of Turkey,2017-10-10,end time
Haeju,North Korea,country
Geoffrey Hills,Antarctica,located in the administrative territorial entity
Bjärby,Grästorp Municipality,located in the administrative territorial entity
"2013 Tour des Fjords, Stage 3","2013 Tour des Fjords, Stage 4",followed by
Bocholt,Stadtarchiv Bocholt,archives at
West Hill Primary School,Devon,located in the administrative territorial entity
Lacus Mortis,Moon,dedicated to
2048,Android,platform
York South—Weston,High Park—Humber Valley,located in protected area
3rd German Bundestag,4th German Bundestag,shares border with
RB 61,Baden-Württemberg,operating area
2007 European Figure Skating Championships - ice dancing compulsory dance,ISU Judging System,organizer
Algoma,177.0,elevation above sea level
Building 18011-122,Israel,country
RV MTA Turkuaz,survey vessel,instance of
Dunsinane Hill,scheduled monument,heritage designation
Kobe metropolitan area,1245.46,area
1944,1944,followed by
Marietta National Cemetery,18742,number of graves
2012 UCI Road World Championships – Women's road race,2012 UCI Road World Championships,part of
Magnetic resonance imaging approaches for studying alcoholism using mouse models.,2008-01-01,publication date
Turnberry,South Ayrshire,located in the administrative territorial entity
Genova Pra railway halt,railway halt,part of
Biblioteca Riccardiana,State public library,instance of
Vibrator Nation:  How Feminist Sex-Toy Stores Changed the Business of Pleasure,Duke University Press,publisher
thioredoxin reductase    Rv3913,cytoplasm,biological process
canton of Mérignac-1,arrondissement of Bordeaux,located in the administrative territorial entity
Environment and Sustainability Committee - Fourth Assembly,2016-04-06,dissolved
Leisure Suit Larry: Reloaded,digital download,distribution format
National University Library of Turin,Italian national heritage,heritage designation
Abell 2199,9121.0,radial velocity
1962 Belgian Badminton Championships,1963 Belgian Badminton Championships,follows
Altomünster,805,male population
1966 Belgian Badminton Championships,1967 Belgian Badminton Championships,follows
2018 Presidential Tour of Turkey,2018-10-09,end time
Sälskär lighthouse,Admiralty List of Lights and Fog Signals,heritage designation
Allegheny County,Beaver County,shares border with
Cameroon,Bight of Biafra,head of state
"Dětský domov, základní škola a ŠJ",public-benefit corporation,legal form
"Communities, Equality and Local Government Committee - Fourth Assembly",2016-04-06,dissolved
2009 African Badminton Championships,2010 African Badminton Championships,followed by
Bóbita Bábszínház,Árpád Weiler,architect
Ꙣ,Cyrillic script,writing system
Hollich wind farm,wind farm,instance of
Doctor Bedlam,Apokolips,place of birth
Sinope,Sinope,name in native language
Kleinweichs,16,number of households
HD 14433,57.2429153351274,declination
Fedir Bohatyrchuk,Soviet Union,country for sport
rubidium-99,-51121.143,mass excess
2018 UCI Road World Championships – Women's road race,CDM,competition class
Borj El Barmil,Essaouira,located in the administrative territorial entity
Kosmos 670,Soyuz,crew member
Princess Alexandra Hospital NHS Trust,Princess Alexandra Hospital (Harlow),owned by
Manga Entertainment,Los Angeles,headquarters location
Hanging with Christian Images,public domain,copyright status
Nikon D2Hs,digital camera model,instance of
CasinoKoksijde,Koksijde-Bad,location
1994 Winter Olympics,Freestyle skiing at the 1994 Winter Olympics,ranking
Tropical Storm in 1990 Hortense,1990 Atlantic hurricane season,part of
Cirion,Ruling Steward of Gondor,position held
Mid-Hudson Children's Museum,1997-01-01,inception
Raging Bull,steel roller coaster,material used
First Epistle of John,New Testament,part of the series
SDSS J212252.04+040935.5,J2000.0,epoch
gadolinium-152,151.919798822,mass
University Avenue Bridge,University Avenue,located on street
2000 Estonian Badminton Championships,2001 Estonian Badminton Championships,follows
SWELLS SDSS J0822+1828 lens,Gravitational lens,fabrication method
Mol Continuity,14.5,stroke
Jagannathpur Upazila,Bangladesh,country
Appliqué inv. 734,appliqué,fabrication method
134-136 Walton Street,134-136 Walton Street 1 Brown Street,located at street address
Moabit power station,Vattenfall Europe Wärme,operator
germanium-67,-1,spin quantum number
Andrés Ibáñez Province,4821.0,area
Tamsweg District,Tamsweg,capital
Uri Party,social liberalism,political ideology
fontaine des Innocents,Renaissance architecture,architectural style
RB 6,1435 mm track gauge,track gauge
Yummy,remix single,instance of
francium-213,-1,spin quantum number
Honda CT110,Honda CT90,follows
Explore & More Children's Museum,Buffalo,located in the administrative territorial entity
Athletics at the 2004 Summer Olympics – Men's 200 metres,Athletics at the 2000 Summer Olympics – Men's 200 metres,follows
2MASS J14382831+8229397,0.5376,parallax
Waldeck-Frankenberg,Kassel Government Region,located in the administrative territorial entity
Bolshaya Glushitsa,Mikhaylovka Urban Okrug,contains administrative territorial entity
2018 Minsk-Arena Ice Star - junior ice dance rhythm dance,Lolita Labunskaya,participant
Star Wars: Episode I – The Phantom Menace,2.35:1,stroke
Venus of Urbino,"Guidobaldo II della Rovere, Duke of Urbino",founded by
"2017 Giro d'Italia, Stage 4",Vincenzo Nibali,points classification
Big Bad Wolf,Little Red Riding Hood,characters
"TLC: Tables, Ladders & Chairs",WWE Raw,business division
californium-241,isotope of californium,instance of
Kauffman Stadium,Jackson County,located in the administrative territorial entity
A Scandal in Belgravia,A Scandal in Bohemia,followed by
King Haakon VII Freedom Cross,1945-05-18,next higher rank
Zimella,4893.0,population
Berts bekännelser,Sonja Härdin,creator
Violin Concerto No. 4,violin,instrumentation
2023 Spanish Badminton Championships,Spain,country
Г̧,Cyrillic script,writing system
"Combining Dictionaries, Wordnets and other Lexical Resources – Advantages and Challenges",scientific article,main subject
KIC 5024043,NGC 6819,part of
Virtual Boy,1995-07-21,publication date
Ministry of Railways,Tokyo,headquarters location
Linn Mesa,Antarctica,basin country
2009–10 Celtic League,Pro14,statistical leader
"Boulder, Büttenberg, Crossing Bartolomäusweg/ Jungholzweg",Biel/Bienne,crosses
Llinda del portal d'entrada de Can Busquets,Spain,relative
Hamburg Dammtor station,Eimsbüttel,located in the administrative territorial entity
SDSS J080105.29+472749.2,112401.0,radial velocity
42nd European Conference on Information Retrieval,New University of Lisbon,has program committee member
Leicester Tigers,Geordan Murphy,captain
SN 2007bs,39058.0,radial velocity
Beauty and the Beast,David Ogden Stiers,storyboard artist
Dream Dad,ABS-CBN Corporation,distributor
Carta Geral do Estado de São Paulo,João Baptista de Campos Aguirra Collection,collection
Polygonum careyi,Carey's smartweed,taxon common name
Buckingham,UTC±00:00,located in time zone
DeWalt DW311,DeWALT,brand
Middlesex,flag of Middlesex,flag
Lake White State Park,Ohio state park,instance of
Data Sharing in Historical Perspective,2015-07-01,publication date
The City on the Edge of Forever,Paramount Stage 31,tracklist
USS Kittanning,harbor tugboat,instance of
Painted Cross,gold,material used
Ondine,Impressionism,cover art by
2nd German Bundestag,3rd German Bundestag,coextensive with
"Développemens de la décoration intérieure, et des Peintres du plafond de la Galerie de Versailles",public domain,copyright status
Las Palmas de Gran Canaria,UTC±00:00,located in time zone
GNU Emacs,macOS,platform
Japan National Route 436,road,is a list of
Jufra,Libya,basin country
Instituto Leonés de Cultura,Spain,country of origin
USS Ganadoga,harbor tugboat,instance of
"Apuntes para una biblioteca española de libros, folletos y artículos, impresos y manuscritos, relativos al conocimiento y explotación de las riquezas minerales y a las ciencias auxiliares : acompañados de reseñas biográficas y de un ligero resumen",public domain,copyright status
Harrison County,"National Register of Historic Places listings in Harrison County, West Virginia",list of monuments
Island Learning Centre,Newport,headquarters location
Incourt,18,number of seasons
Sprite Remix,2003-01-01,publication date
francium-228,isotope of francium,instance of
Licinia gens,feminine,has grammatical gender
Burgos,128.9,elevation above sea level
Soyuz TM-3,91.0,apoapsis
Lacus Solitudinis,Moon,constellation
Appliqué inv. 733,appliqué,fabrication method
DeWalt DW309K,DeWALT,brand
Staying with the Trouble: Making Kin in the Chthulucene,Duke University Press,publisher
U Orionis,Orion,constellation
University of La Rochelle,1993-01-20,inception
Roman Catholic Diocese of Warszawa-Praga,Bishop of Warsaw-Praga,office held by head of the organization
Solsonès,296600000,nominal GDP
HMCS Provider,1963-09-28,inception
Milwaukee 6520-21,1.125,stroke
1978 Uber Cup,women's team,competition class
Lípa v Brtníkách,solitary,instance of
Bailyn,Bailyn,family name identical to this given name
Parral,1795-01-01,inception
1952 Liège–Bastogne–Liège,35.4,event distance
Arbeiterwohlfahrt,Arbeitsgemeinschaft für Kinder- und Jugendhilfe,member of
No Mercy,WWE Raw,business division
HD 223991,HD 223991B,companion of
barium-133m,nuclear isomer,subclass of
Pasłęk,Gmina Pasłęk,capital of
First Epistle of Peter,New Testament,part of the series
Nemuro Subprefecture,Kushiro Subprefecture,shares border with
SWELLS SDSS J1117+4704 lens,Gravitational lens,fabrication method
Apple Maps,conflation,symptoms
P-800 Oniks,NPO Mashinostroyeniya,manufacturer
UGC 7845,-0.293,proper motion
HD 92207,0.4601,redshift
Westby,2200.0,elevation above sea level
Black Ridge Canyons Wilderness,Black Ridge Canyons Wilderness,native label
Paoay Church,Earthquake Baroque,location
Melusine,female,sex or gender
I2P,Android,platform
Hamburg Dammtor station,Dammtor,adjacent station
Brownlow Medal,Australian Football League,conferred by
Black-Topped Bowl,Black-Topped Bowl,title
"Roman Catholic Diocese of San Felipe, Venezuela",Víctor Hugo Basabe,chairperson
Bhola Sadar Upazila,Bangladesh,basin country
Bolshoy,Mikhaylovka Urban Okrug,contains administrative territorial entity
1997 Irish Open Badminton Championships,1998 Irish Open Badminton Championships,follows
Ejnar Mikkelsen Fjeld,Greenland,located on terrain feature
Madonna and Child with a Monkey,museum's storage space,collection
water polo at the 2016 Summer Olympics,2016-01-01,end time
ESO 104-22,8.95,apparent magnitude
La soirée dans Grenade,Impressionism,main subject
Aris Thessalonikis B.C.,basketball team,instance of
"Collégiate church Saint-Martin, Picquigny",monument historique classé,heritage designation
First Epistle to Timothy,Paul,lyrics by
Ligat Nashim Rishona,Israel,basin country
26th U-boat Flotilla,military unit,instance of
Tân Bình,22.38,area
South Sydney Rabbitohs,National Rugby League,league
Tignes Dam,1952-01-01,date of official opening
Llinda al Carrer Vila d'Amunt,Spain,basin country
iPhone X,iOS,operating system
silver-113,112.906572858,stroke
ESO 104-44,0.002598,redshift
Church of St. George,Saint George,named after
Mortal Kombat,Germain McMicking,voice actor
ASTM D4642,ASTM standard,has edition
Ashburn,Ashburn,native label
Colegio Mayor Diego de Covarrubias,1952-01-01,inception
CBS Films,Los Angeles,headquarters location
Bakerganj Upazila,164920,rural population
PGR EXPRESSION,human chromosome 11,chromosome
Norwegian Badminton Championships 2026,Norwegian Badminton Championships 2025,followed by
HAT-P-7,344.459,distance from Earth
"Budderoo National Park, Macquarie Pass National Park, Barren Grounds Nature Reserve and Robertson Nature Reserve Plan of Management",1998-10-01,inception
Mauritius,22356.157,PPP GDP per capita
KSR-5,active radar homing,guidance system
artist-info exhibition ID,212560,number of records
Cerdanya,Spain,designated as terrorist by
Bluefish,Microsoft Windows,platform
Furkotské sedlo,High Tatras,mountain range
Delaware County,Delaware River,capital
2011 Australian Grand Prix,2011 Formula One season,part of
Beacon of Rúa island,Ribeira,location
praseodymium-144,-1,spin quantum number
Porta San Pietro,Italian national heritage,heritage designation
Mizore Shirayuki,main character,narrative role
1957 World All-Round Speed Skating Championships for Men,1957-02-16,point in time
[FK2002] 229,Boötes,constellation
"Stein, Pfadigrüebli",170.0,elevation above sea level
1958 Belgian Badminton Championships,1958 Belgian Badminton Championships – Women's singles,has part
Romanesque art in Catalonia,Romanesque art,main subject
BD-06 1250,J2000.0,epoch
2018 Sundvolden Grand Prix,Sundvolden Grand Prix,official name
Kanto,Apokolips,place of birth
Patterns of Force,George Duning,director of photography
"Chimney of Polígon 3, Parcel·la 23i, Catarroja",Spain,relative
wxWidgets,Unix-like,GUI toolkit or framework
Epistle to the Colossians,New Testament,part of
[HL2008] 40356,Whirlpool Galaxy,part of
1873 FA Cup Final,1872 FA Cup Final,follows
Dunman,scheduled monument,heritage designation
iPhone 5,-20,non-operating temperature
San Clemente Dormitory,Spain,country
Arazi Brahmandihi,0,literate population
aperture,always incomplete,expected completeness
Continentale Deutsche Luftreederei,Hamburg Airport,airline hub
V* V346 Tau,3905,effective temperature
Czerniejewo,Gmina Czerniejewo,capital of
Lacus Somniorum,Moon,constellation
Ipur,5935.0,population
Xbox 360,2003-11-24,publication date
"Prainha, vista da Saúde",photograph,instance of
Tomen y Castell,scheduled monument,instance of
Baguio,tropical rainforest climate,Köppen climate classification
el Crous,Spain,librettist
1995 UCI Road World Championships – Women's road race,1995 UCI Road World Championships,part of
Havelock Township,35.8,area
Fremont County,23998.0,population
TYC 1601-1491-1,4502,effective temperature
War Prisoners,Clarence Darrow,director
Nieuw Verlaat,1984-04-19,inception
1999 Direct Line International Championships,1999-01-01,point in time
Deutsche AIDS-Hilfe e.V.,Berlin,headquarters location
Namsenvassdraget,Namsenfjorden,mouth of the watercourse
HD 58661,30.0,stellar rotational velocity
Shopping Center 3,4,floors above ground
Berts vidare betraktelser,Sonja Härdin,librettist
Kosmos 212,unmanned spaceflight,use
Karsten Golf Course,golf,sport
漢,13,stroke count
Tropical Storm in 1990 Arthur,1990 Atlantic hurricane season,part of
Werd,4574.0,population
Pillory of Gouvães do Douro,Gouvães do Douro,named after
2017 Grand Prix Impanis-Van Petegem,2017-09-16,point in time
Król Henryk V,Kraków,librettist
Uchi no Maid ga Uzasugiru!,2018-10-05,publication date
1951 Liège–Bastogne–Liège,37.124,speed
N51 road,R5 road,connects with
NGC 4235,2423.0,distance from Earth
Bosphorus Istanbul Cup 2018 - senior ice dance rhythm dance,Lolita Labunskaya,statistical leader
Sinchon County,North Korea,country
palladium-128,82,neutron number
Palácio Imperial,photograph,depicts
lung cancer,oncology,health specialty
Carlingford Line,2020-01-05,date of official closure
Häradskär lighthouse,kerosene,source of energy
Bellagio Hotel & Casino,skyscraper,has facility
2005 Czech International Badminton Championships,2005-10-02,end time
April 2014,2014-04-30,end time
"Exile and Pride: Disability, Queerness, and Liberation",Exile and Pride,title
WrestleMania 35,WWE Raw,business division
Albana,90.9,area
Acomayo Province,Peru,country
The 55th annual meeting of the Association for Computational Linguistics,The 55th annual meeting of the Association for Computational Linguistics,title
26 Canis Majoris,64.0,distance from Earth
Soyuz TMA-10,Soyuz TMA-9,follows
2007 Clásica de San Sebastián,2007-08-04,point in time
Cinderella,2.35:1,stroke
Dunman,Dunman,family name identical to this given name
Eve Ensler: Happiness in body and soul,educational film,genre
Informes de la Construcción,Instituto de Ciencias de la Construcción Eduardo Torroja,editor
Qt,Cisco IOS,platform
Gamma Doradus,Gamma Doradus variable,type of variable star
[DCD2013] CSS J133849.5+084607,Boötes,constellation
Venus of Urbino,nude,eye color
West Virginia's 6th congressional district,West Virginia,located in the administrative territorial entity
cour du Minervois,12th arrondissement of Paris,located in the administrative territorial entity
Lake Maggiore,41.37,length
Iglesia de San Francisco de Asís,Spain,country
iPhone 4S,iOS 8,operating system
2010 European Athletics Championships,1368,number of participants
"Disturbing Attachments: Genet, Modern Pederasty, and Queer History",Duke University Press,publisher
francium-229,50.2,half-life
Library of the University of Bologna,Italian national heritage,heritage designation
Doctor Doppler,Sergio Pablos,composer
SL2S J020524-093023,Gravitational lens,fabrication method
ASTM D5135,ASTM standard,has edition
The Larry Sanders Show,Columbia TriStar Television,distributor
Epistle to the Colossians,Colossians 2,has part
V* VW CMa,Canis Major,constellation
Diablo Dam,Whatcom County,located in the administrative territorial entity
2017 Utah Utes volleyball team,2017-01-01,point in time
Eastbourne International,1974-01-01,inception
Ruthin School,Welsh-medium school,instance of
Norwegian Badminton Championships 2025,Norwegian Badminton Championships 2024,followed by
Wild Basin Ranger Station,National Park Service,operator
Déjà Vu - Réjà Vu,On knowledge-based approaches linking ligand and target information to bioactivity,exhibition history
Glen Alpine Falls,El Dorado County,located in the administrative territorial entity
Duchy of Saxe-Meiningen,duchy,instance of
Democratic Party,liberalism,political ideology
Bobr,1118.0,population
San Juan County,San Juan County,native label
Odenwaldkreis,rural district of Hesse,instance of
Dalarna County,1997-01-01,inception
1964 European Rowing Championships,1963 European Rowing Championships,followed by
Tandem Productions,Bud Yorkin,director manager
Windsor and Maidenhead,Maidenhead,capital
2016 BYU Cougars women's volleyball team,2016-01-01,point in time
aspirin,osteoarthritis,medical condition treated
CEPADE - Universidad Politécnica de Madrid,business school,instance of
Basketball-Reference.com WNBA coach ID,Michael Adams,Wikidata property example
Eradan,Ruling Steward of Gondor,position held
NSV 1095,48.7584168755915,declination
Β,𐤁,name
Pelourinho da Bemposta,Bemposta,capital
DL-amphetamine,stimulant,superhuman feature or ability
Ashkelon,Israel,designated as terrorist by
NCL ID,type constraint,property constraint
York—Simcoe,1966-01-01,inception
Astrolabe,Arabic,language of work or name
Nettle Creek Township,35.79,area
2015 Connecticut Open,2014 Connecticut Open,followed by
DeWalt DW310,DeWALT,brand
Canterbury Post Office,listed on the Commonwealth Heritage List,heritage designation
Colegio Mayor Universitario San Juan Evangelista,Madrid,located in the administrative territorial entity
Kunitomi smart interchange,Kunitomi,brand
V* V709 Cyg,J2000.0,epoch
Soyuz TM-22,15471705,duration
BZFlag,Linux,based on
Kosmos 638,unmanned spaceflight,guidance system
Tumacácori National Historical Park,IUCN category V: Protected Landscape/Seascape,IUCN protected areas category
GUVV J142627.0+321540.7,Boötes,constellation
"Town Wall, With Morden, Heber And Ever Towers",scheduled monument,instance of
iron-61,530929.848,binding energy
Warzone 2100,Microsoft Windows,platform
Bolak,agglutinative language,linguistic typology
Paris-Sorbonne University - Paris IV,European University Association,employer
palladium-125,79,atomic number
PySerial,Python,programming language
Davis Station,Antarctica,located in the administrative territorial entity
V* AN CrB,-92.753,proper motion
Falls of Clyde,The Russell & Company,manufacturer
Golan Levin: Software,2004-02-27,publication date
Lillehammer,municipality of Norway,instance of
Oxfordshire,Cherwell,shares border with
Minetest Game,Android,platform
iron-59,-1,spin quantum number
"Formyl transferase, N-terminal",protein domain,subclass of
Goalpara district,870121,literate population
canton of Thury-Harcourt,arrondissement of Caen,contains administrative territorial entity
Sempronia gens,feminine,has grammatical gender
Manila,1571-07-04,inception
2026 Spanish Badminton Championships,2026 Spanish Badminton Championships – Men's doubles,has part
2012 Tokyo gubernatorial election,2014 Tokyo gubernatorial election,follows
Ferrari F40,4358.0,stroke
CD-46 5148,J2000.0,epoch
dysprosium-145,79,neutron number
judo at the 2016 Summer Olympics,2016-01-01,end time
Standards of Conduct Committee - Fourth Assembly,2016-04-06,publication date
Bakerganj Upazila,Bangladesh,country
Porta San Donato,Italian national heritage,heritage designation
Quebec,Saint-Jean-Baptiste Day,public holiday
Severe Tropical Storm Matmo,Matmo,has part
Capital Airport Express,28.1,focal height
German People's Party,1933-07-04,dissolved
Lužecký klen,solitary,instance of
Sandhammaren lighthouse,Admiralty List of Lights and Fog Signals,heritage designation
Kingsley Field Air National Guard Base,1248.0,elevation above sea level
SN 2007bc,supernova,instance of
830s BC,835 BC,part of
V* GR Dra,137.9767,parallax
A case report of tongue metastasis from lung squamous cell carcinoma and literature review.,tongue neoplasm,main subject
CCGS Des Groseilliers,7.44,beam
UGC 7845,0.8353,parallax
Carnival of Alsasua – Altsasu,Spain,country
"Clarinet Concerto No. 1 in F Minor, Op. 73: I. Allegro",concerto,part of
Le Roi gouverne par lui meme 1661,laid paper,material used
Dorchester County,Dorchester County,native label
V* V396 Vir,Virgo Stellar Stream,part of
Mouvement,Impressionism,cover art by
archery at the 2016 Summer Olympics,2016-01-01,end time
SN 2005ji,58840.0,radial velocity
Ticino,Italian,language of work or name
Biblioteca nazionale di Cosenza,State public library,instance of
Scotiabank,89000,employees
Fitton Rock,Bellingshausen Sea,located in or next to body of water
Mjoöfjärden coastal water body,chemical pollution,significant environmental impact
Devilance,Apokolips,place of birth
Helsinki Ice Hall,indoor ice rink,use
San Sebastián Classic 2019,2019-08-03,end time
Lake Tahoe Basin Management Unit,El Dorado County,significant place
Caló de S'Estaca,8.0,elevation above sea level
Station 2 Nostitzhöhe,1863-01-01,date of official opening
Montenegro,Parliament of Montenegro,legislative body
Skema Business School,Couperin Consortium,employer
2000 Clásica de San Sebastián,2001 Clásica de San Sebastián,follows
1952,1951,different from
Vatican City,Pontifical Commission for Vatican City State,member of
Resolution prise de faire la guerre aux Hollandois 1671,laid paper,material used
2009–10 Celtic League,2009-2010 one-year-period,time period
Ohio State University Golf Club,golf,sport
fencing at the 2016 Summer Olympics,2016-01-01,point in time
2013 La Flèche Wallonne Féminine,Marianne Vos,general classification of race participants
2000 US Open Badminton Championships,2000 US Open Badminton Championships – Mixed doubles,has part
Acquaviva Cathedral,Italian national heritage,heritage designation
SimPy,Python,programming language
Estay Rock,Antarctica,basin country
Belbédji Department,Zinder Region,located in the administrative territorial entity
"Bury Castle Camp, Brompton Regis",scheduled monument,heritage designation
Alt Penedès,Baix Llobregat,shares border with
"Grave Concerns: Death, Landscape, and Locality in Medieval Society","Grave Concerns: Death, Landscape, and Locality in Medieval Society",title
1994 Winter Olympics,Luge at the 1994 Winter Olympics,part of
Clyde,Turtlemaniac,family name
University Library of Naples,Italian national heritage,heritage designation
TYC 1398-1797-1,J2000.0,epoch
Kaechon,North Korea,country for sport
RFC 6592: The Null Packet,The Null Packet,title
Badminton at the 2016 Summer Olympics,2016-01-01,end time
Asseln wind farm,wind farm,instance of
HD 147528,-6.59,proper motion
1990 Plume d’Or,Tel Aviv,destination point
Ashwood School Gymnasium and Auditorium,160 Ashwood School Road,located at street address
Virginia's at-large congressional seat,1935-01-03,inception
Neck Amphora by Exekias,Altes Museum,location
Sonnet 69,Sonnet 70,followed by
SDSS J133751.31+362018.0,J2000.0,epoch
2008 Grand Prix d'Isbergues,2008 French Road Cycling Cup,part of
Second voyage of HMS Beagle,Saint Helena,destination point
Dolores Haze,Lolita,given name
1992 Irish Open Badminton Championships,1993 Irish Open Badminton Championships,followed by
Borås Ishall,indoor ice rink,has facility
2008 US Open Badminton Championships,2007 US Open Badminton Championships,follows
Visa Inc.,financial services,product or material produced
lead-181,-1,spin quantum number
Astrolabe-Quadrant: Gunter-type,1752-01-01,inception
Tiburón Golf Club,golf,relative
Berts bravader,Sonja Härdin,director of photography
legislative body of Wicklow County Council,32,number of constituencies
2017 GP Cham-Hagendorn,62,number of participants
Lünen,Dortmund,twinned administrative body
2008 Scheldeprijs,Stefan van Dijk,winner
Glazer Children’s Museum,GLAZER CHILDREN'S MUSEUM,official name
BNP Paribas,financial services,product or material produced
"Gull Lake No. 139, Saskatchewan","Pittville No. 169, Saskatchewan",shares border with
2017 Grand Prix Impanis-Van Petegem,2017 UCI Europe Tour,part of
Federated States of Micronesia,120,slope rating
Twenty-ninth Conference on Neural Information Processing Systems,Twenty-ninth Conference on Neural Information Processing Systems,title
2005 Denmark Open Badminton Championships,Atletion,location
Es Torrent d'Es Morts,Spain,basin country
Fire Station Inn,inn,has facility
Notes,Wikipedia article covering multiple topics,instance of
Jerusalem,Israel,designated as terrorist by
Shōwamachi Station,Shōwamachi Line,connecting line
Islamic art of the Emirate and the Caliphate,Spain,country of origin
Uno,Android,platform
list of A7 roads,road,highway system
Aristophanes 14,Aristophanes 13 (Pauly-Wissowa),followed by
1967 Belgian Badminton Championships,1968 Belgian Badminton Championships,follows
Hammer Horror / Coffee Homeground,EMI,record label
Bay County,2676.0,population
Blender,macOS,platform
SN 2007bp,supernova,instance of
[HL2008] 53697,Whirlpool Galaxy,part of
2012 US Open Badminton Championships,2012-01-01,point in time
Fort Gellibrand,listed on the Commonwealth Heritage List,heritage designation
"Marramarra National Park, Muogamarra Nature Reserve and Maroota Historic Site Plan of Management",Marramarra National Park,on focus list of Wikimedia project
Ministry of Education and Research,Sweden,country
Kunitomi smart interchange,Saito interchange,of
Aquaculture,Aquaculture,title
iron-65,-1,spin quantum number
Akpabuyo,1241.0,elevation above sea level
AMiBA,radio interferometer,guidance system
Xiangheyuan Subdistrict,Liufang Beili,contains administrative territorial entity
Sindo County,North Korea,country
Russian Bishop's House,National Historic Landmark,heritage designation
Saint John's Seminary,Massachusetts,located in the administrative territorial entity
4th German Bundestag,5th German Bundestag,shares border with
Dumeticola mandelli,species,taxon rank
Státní okresní archiv Vyškov,Slavkov Castle,significant place
Bornova Ice Sports Hall,Turkey,country
Bundestag of Germany,Reichstag building,location
Wummsee und Twernsee,European bitterling,taxa especially protected in area
Bank and Monument stations,Liverpool Street,located at street address
Tenhults IBK,1988-01-01,inception
V* V397 Vir,Virgo Stellar Stream,part of
Thaidene Nëné National Park Reserve,Yellowknife,significant place
lead-199,-1,spin quantum number
2017 Four Days of Dunkirk,Evaldas Šiškevičius,young rider classification
Charlie Naismith,Australia,place of publication
"Serra mayoral election, 2016 - second round",12265,number of abstentions
Biblioteca di archeologia e storia dell'arte,State public library,instance of
Saint George's Cathedral,Saint George,named after
2MASS J19503280+4010153,-28.78,proper motion
NGC 7213,[CHM2007] LDC 1508,part of
Winona County,county of Minnesota,instance of
Otsego County,2.1,water as percent of area
1960 Belgian Badminton Championships,1961 Belgian Badminton Championships,follows
Diputación Provincial de Toledo,Spain,country
1958 Belgian Badminton Championships,1958 Belgian Badminton Championships – Women's doubles,has part
Moselle Viaduct,Moselle,crosses
FIDE World Chess Championship 2005,chess,sport
[RHS2000] 1-1106,11640,effective temperature
Violin concerto No. 4,violin,instance of
AMP-dependent synthetase/ligase,Phenylacetate-CoA ligase,cell component
Granfors Hydroelectric Power Station,Skellefteå Kraft,owned by
Moksha,agglutinative language,linguistic typology
Hofburg Palace,official residence,instance of
propranolol,Australian pregnancy category C,pregnancy category
Miss Colorado's Outstanding Teen,Parker,qualifies for event
Deutsche Kinemathek,Berlin,headquarters location
Karan,Karan,name in native language
Llano de Brujas,Spain,basin country
1898 World Allround Speed Skating Championships for men,1897 World Allround Speed Skating Championships for men,follows
Lillehammer,Kristins Hall,owner of
Lacus Odii,Moon,constellation
1965 Vuelta a Guatemala,1965-01-01,point in time
2MASS J13264031-4726599,-2.13,proper motion
Beniaján,Spain,designated as terrorist by
Vernors,Dr Pepper Snapple Group,member of
White House Trail,Canyon de Chelly,significant place
BD-00 4470,J2000.0,epoch
Appliqué inv. 9472,Spain,country of origin
Brno,Moravia,located in the administrative territorial entity
Blansko,Blansko District,contains administrative territorial entity
Damned Damned Damned,Damned,cover art by
ESO 320-35,[TSK2008] 517,total produced
Symphony in G minor,G minor,tonality
San José Canton,Alajuelita Canton,shares border with
Komuna e Gjepalajt,76.0,elevation above sea level
1953 Paris-Tours,Amand Audaire,general classification of race participants
Offenbach-Kaiserlei station,category 4 railway station,Deutsche Bahn station category
Basilica of Our Lady of the Pillar,Roman Catholic Archdiocese of Zaragoza,diocese
Hamhung,North Korea,country
Japan National Route 57,road,instance of
2007 Skate Canada International - ice dancing original dance,Colisée Pepsi,significant person
1991 Australian Grand Prix,1991 Formula One season,part of
"2018 Tour de France, stage 20","2018 Tour de France, stage 19",follows
Natalie MacMaster: Fiddling in reel time,educational film,genre
iGap,Android,platform
Central Mass Mobilization Commission of the Communist Party of Vietnam,Vietnam,applies to jurisdiction
Wikimedia Meta-Wiki,multiple languages,programming language
1997 FA Cup Final,1998 FA Cup Final,follows
Indianapolis,953.180736,area
Beacon of Punta Couso,Spain,basin country
Batumi,Adjara,twinned administrative body
6 Draconis,3.41,stellar rotational velocity
Songwon County,38051.0,population
Norrtelje,8.0,elevation above sea level
Point Roe,Western Australia,country
RB 17C,Baden-Württemberg,operating area
OA vz. 27,Czechoslovakia,country
Einstein Tower,tower,instance of
RB 57,Baden-Württemberg,operating area
Charlotte Haze,accident,facet of
Tiburón Golf Club,Florida,located in the administrative territorial entity
Baštové sedlo,High Tatras,located in the administrative territorial entity
Ԭ,Cyrillic script,writing system
Hod HaSharon,Israel,designated as terrorist by
Willow Tearooms,1903-01-01,inception
"Ministry of Education, Youth and Science of Bulgaria",1879-01-01,inception
Luke Skywalker,Yoda,filming location
rubidium-103,66,neutron number
Gáldar FS,Primera División de Futsal,league
Ipur,2471.0,population
The City on the Edge of Forever,Paramount Stage 19,start point
"Peter Doolittle: How your ""working memory"" makes sense of the world",Peter Doolittle,author
N287 road,national road in Belgium,instance of
14th Landtag of Bavaria,1998-09-28,end time
2014 Indian general election in Chikkballapur Lok Sabha constituency,2014 Indian general election in Karnataka,part of
CS Ştiinţa Bacău,EHF Women's Champions League,participant of
Antwerp International Golf & Country Club Rinkven,golf,sport
germanium-78,676389.714,binding energy
Bofrost Cup on Ice,ISU Grand Prix of Figure Skating,instance of
Virklund Parish,Silkeborg province,located in the administrative territorial entity
iPhone 4S,iOS,operating system
Appliqué inv. 733,8.0,stroke
2004 Denmark Open Badminton Championships,Atletion,location
Kagoshima,547050000.0,population
Suu,main character,narrative role
A Floresta e a Glória,photograph,instance of
Vatican Library ID,type constraint,property constraint
Yavoriv Raion,Ukraine,country
James B. Sheffield Olympic Skating Rink,Lake Placid,located on terrain feature
Kosmos 772,unmanned spaceflight,guidance system
GUVV J164725.0-015505.9,0.1894,parallax
pessimism,psychology,main subject
Ꙧ,Cyrillic script,writing system
2016 Le Samyn,2015 Le Samyn,follows
Atlanta,Asmara,twinned administrative body
Entrada da barra,photograph,instance of
St. Antonius,Roman Catholic Diocese of Aachen,diocese
Annener Gußstahlwerk concentration camp,bodendenkmal,instance of
Ingrid Christensen Coast,Antarctica,continent
Saarloq,0.77,area
Danish,perfect,has tense
1988 Spanish Open,WTA Madrid Open,instance of
Leivo's Bakery,1965-01-01,inception
Yummy,audio track,instance of
Dobrich,Dobrotitsa,contains settlement
Mas Romaní,Spain,librettist
Civil Service Rifles War Memorial,Somerset House,location
The BFG,2.35:1,stroke
Sigma Draconis VI,Sigma Draconis,constellation
Aleksandr Yevgenyev,Soviet Union,country for sport
Mega Man,Mega Man universe,takes place in fictional universe
ESO-HA 1293,Orion,constellation
HD 159870,J2000.0,epoch
Alexander Nevsky Cathedral,Oborishte District,located in the administrative territorial entity
Roll on the Red Tour,By the Way World Tour,part of the series
Lacus Timoris,154.0,length
Pamsendorf wind farm,wind farm,instance of
Paraguaná Wind Farm,wind farm,instance of
Himmelsberg,1997-01-01,inception
Hanover Township,Ashley,capital
Information Center for Israeli Art artist ID,Israel Museum Jerusalem artist ID,see also
RV Derinsu,Turkey,country
Ráth Cairn,UTC±00:00,located in time zone
SN 2007bq,supernova,instance of
Litoměřice,Litoměřice District,contains administrative territorial entity
Jerusalem,125.42,life expectancy
Fremont County,Fremont County,native label
RB 7,Lower Saxony,operating area
Biblioteca Medicea Laurenziana,Italian national heritage,heritage designation
Belfry of Rue,Rue,shares border with
2018 Giro d'Italia Stage 16,individual time trial,stage classification
Banaripara Upazila,Bangladesh,country
Troilus i Kresyda,Stanisław Rossowski,translator
Cl* NGC 5139 L 1076,2,surface gravity
Usi County,North Korea,country
Secondo quartiere popolare della Società Umanitaria,housing estate,instance of
Huawei P series,Android,operating system
2002 European Grand Prix,60.0,event distance
Shelby Township,35.8,area
First Epistle of Peter,General epistles,genre
Vibrator Nation:  How Feminist Sex-Toy Stores Changed the Business of Pleasure,Lynn Comella,editor
HD 23089,3.03,stellar rotational velocity
P-500 Bazalt,NPO Mashinostroyeniya,manufacturer
Biblioteca Palatina di Parma,State public library,instance of
Přísnotice,Moravia,historical region
McCourt,McCourt,family name identical to this given name
Game Two,Daniel Budiman,voice actor
Literaturhaus München,redevelopment,significant event
Popular Bank of Milan,financial services,vehicle
cour du Chêne-Vert,12th arrondissement of Paris,located in the administrative territorial entity
Chimney of Hort de Pobil,Spain,country
Italy,Italian Parliament,legislative body
1934 Grand Prix des Nations,Versailles,location
2009 Skate Canada International - ice dancing compulsory dance,2009 Skate Canada International - ice dancing,part of
Diputación Provincial de Palencia,Spain,country
Cause and Effect,Aya Sumika,director
Bocholt,Borken,twinned administrative body
NGC 2547,1751-01-01,time of discovery or invention
Epistle to the Colossians,Paul,depicts
Ottawa Hunt and Golf Club,golf,sport
Montgomery Township,170.0,area
LSWR 177-class no. 188,2-4-0WT,wheel arrangement
First Battle of the Marne,Western Front of World War I,conflict
Sisco Mesa,Antarctica,basin country
Journal of Physics B,physics,main subject
OpenTTD,Linux,based on
Г̄,Cyrillic script,writing system
Kosmos 1074,unmanned spaceflight,use
Together,EMI Records,record label
DeWalt DW310,1.125,stroke
[MCM2012] SA108 lens,Gravitational lens,subclass of
Winchester House School,Brackley,headquarters location
Sainte-Sabine,Sainte-Justine,units sold
Witte Venn,Haaksbergen,located on terrain feature
2018 Giro del Piemonte,Sonny Colbrelli,points classification
Dezső Gyarmati,Farkasréti Cemetery,owner of
Peralta de la Sal,minor local entity of Spain,librettist
pour les sixtes,Impressionism,main subject
3-hydroxyicosanoyl-CoA,Homo sapiens,translator
Kawaguchi,Motogō,twinned administrative body
Lowell National Historical Park,IUCN category V: Protected Landscape/Seascape,IUCN protected areas category
UW Canis Majoris,136.0,length
St. Mariä Himmelfahrt,Roman Catholic Diocese of Aachen,diocese
"Haydée Santamaría, Cuban Revolutionary: She Led by Transgression",Duke University Press,editor
University of Bordeaux 1,2014-04-01,inception
cour du Commerce-Saint-André,cour de Rohan,replaces
San Francisco el Grande Basilica,"Category:Interior of the Basilica of San Francisco el Grande, Madrid",category for the interior of the item
Anna Konkina,Soviet Union,country for sport
Epsilon Eridani b,53.232687333,translator
Vidin Province,3033.0,population
Lacus Bonitatis,Moon,dedicated to
Golden Kamuy,2018-04-09,publication date
The Galileo Seven,Paramount Stage 32,start point
KV15,list of burials in the Valley of the Kings,facet of
Kerang Post Office,listed on the Commonwealth Heritage List,heritage designation
Parsons Green tube station,District line,connecting line
"Boulder Safnern, Büttenberg/ located at: Historical Museum Bern",80.0,width
Building 18110-1,Israel,country
Marie-Josephte Corriveau,female,sex or gender
Crickhowel Castle,1800-01-01,inception
Rudskoga,670.0,elevation above sea level
Terracotta amphora,Andokides,parent taxon
de la Peña,de la,tussenvoegsel
Albany,1836-01-01,inception
Colegio Mayor Universitario San Juan Evangelista,1966-01-01,inception
Uvs Province,80763.0,population
Town wall: remains of E side of town wall S of East Street and N of Gods House Tower,Section Of Wall Running North From God's House Along Back Of The Walls To Round Tower Adjacent To No 15,has part
Cl* NGC 5139 L 1076,230.827,distance from Earth
Uherské Hradiště,Sady (Uherské Hradiště),capital
Flushed Away,Jean Reno,storyboard artist
"Boulder, Luterhölzli/ located at: Museum Schwab Biel",170.0,width
"Combining Dictionaries, Wordnets and other Lexical Resources – Advantages and Challenges",2018-01-01,publication date
RNA polymerase sigma-70 like domain,protein domain,subclass of
Zen,Sándor Vály,presenter
Thompson submachine gun,1750000,units sold
[DCD2013] CSS J133849.5+084607,-74.0,proper motion
2010 Uber Cup – Qualification Asia,2012 Uber Cup – Qualification Asia,followed by
kindness,emotion,opposite of
2nd U-boat Flotilla,3rd U-boat Flotilla,followed by
Rocky,color,eye color
osmium-180,21.5,half-life
Turnberry,Kirkoswald,contains administrative territorial entity
USNS Kane,survey vessel,instance of
Harrison County,1079.0,population
Faste des Puissances voisines de la France,laid paper,material used
San Francisco el Grande Basilica,Spain,country
G&L Musical Instruments,bass guitar,instrumentation
Western Hall,Western Illinois University,parent organization
Kamin-Kashyrskyi Raion,Ukraine,country
legislative body of Kildare County Council,5,number of constituencies
Estimating and Reducing the Cardiovascular Risk of Patients With Schizophrenia Drugs From Lipid Measures and Ischemic Electrocardiographic Changes,metabolic syndrome,main subject
Alluitsup Paa,Greenland,significant place
Tropical depression Twenty-Two-E,1983-10-18,end time
University of Nice Sophia-Antipolis,European University Association,member of
King Of The Mountain,Aerial,characters
Ciudad Lineal,Madrid,located in the administrative territorial entity
Unos cuantos seudónimos de escritores españoles con sus correspondientes nombres verdaderos,"version, edition, or translation",subject item of this property
phosphoglycerate kinase    Rv1437,cytoplasm,cell component
1948,1947,followed by
Manual de biografía y de bibliografía de los escritores españoles del siglo XIX,"version, edition, or translation",significant event
Volksbank Arena,indoor ice rink,has facility
Smithfield Street Bridge,1883-03-19,date of official opening
"Loneliness and Its Opposite: Sex, Disability, and the Ethics of Engagement",Loneliness and Its Opposite,title
caesium-149,148.953569,mass
Beauty and the Beast,Particularly suitable for kids,ICAA rating
lead-197,-1,spin quantum number
"Stable, Barn And Dovecote Approximately 45 Metres South Of Copcourt Manor",Aston Rowant,after a work by
Operation Paperclip: The Secret Intelligence Program that Brought Nazi Scientists to America,Wernher von Braun,librettist
"2017 Giro d'Italia, Stage 14",Vincenzo Nibali,points classification
James Webb Space Telescope,ELA-3,space launch vehicle
Sentinel-1B,Ensemble de Lancement Soyouz,production designer
海,Big5 character,narrative role
Park Güell,La Salut,significant place
Evian Resort Golf Club,72,par
LCLG-12 062,169.050042,right ascension
Udmurt,nominative–accusative language,linguistic typology
Tarkhankut Wind Farm,wind farm,instance of
Carnivals of Lantz,Spain,country of origin
Liezen District,3317.0,population
1907 Giro del Piemonte,1908 Giro del Piemonte,follows
Fort Wayne,Allen County,located in the administrative territorial entity
Polygonum perfoliatum,species,taxon rank
1966 Uber Cup,women's team,competition class
IC 5364,9.604,apparent magnitude
24th Chess Olympiad,23rd Chess Olympiad,followed by
1985 Plume d’Or,Spain,country
Stefan Sagmeister: Happiness by design,educational film,genre
Dorrigo National Park Plan of Management,1998-10-01,publication date
Squadron 6,He 59,item operated
basketball at the 2016 Summer Olympics,2016-01-01,end time
Pig Houses Immediately To North East Of Ford Farmhouse,Manaton,located in the administrative territorial entity
2014 Indian general election in Mandya Lok Sabha constituency,2014 Indian general election in Karnataka,facet of
Romuald Klim,Soviet Union,country for sport
1958 Milan–San Remo,André Darrigade,winner
diving at the 2016 Summer Olympics,2016-01-01,end time
Veliki slap,Plitvice Lakes National Park,located in protected area
Imperial College Business School,business school,instance of
1995 Irish Open Badminton Championships,1996 Irish Open Badminton Championships,followed by
"Eve Ensler: Suddenly, my body",educational film,genre
2006 Uber Cup – Qualification America,women's team,competition class
The New Mutants,2018-04-13,publication date
V* V2657 Ori,Orion,constellation
Boorowa Shire,2016-05-12,dissolved
Line S9,Trenord,connecting service
Wiwon County,North Korea,country
N'oublie pas que tu vas mourir,classical music,genre
Violin Concerto No. 2,violin,instrumentation
"sign stone, Felsenburg Bözingen",Biel/Bienne,located in the administrative territorial entity
2017 Clásico RCN,2018 Clásico RCN,followed by
University Arena,1957-01-01,date of official opening
Virgin Mary,female,sex or gender
Bert och Boysen,Sonja Härdin,composer
Anoia,Bages,child
Kimchaek,North Korea,country for sport
Kazakhstan,Kazakhstan Temir Zholy,head of state
Charlotte County,Punta Gorda,capital
"Développemens de la décoration intérieure, et des Peintres du plafond de la Galerie de Versailles",laid paper,material used
"The East Prospect of the City of Philadelphia, in the Province of Pennsylvania",laid paper,material used
Reservoir fountain,water distribution pipe network,type of water supply
Slovenian women's national road cycling team 1998,1998-12-31,start time
Tango Rey,Avatiu,spouse
Inter FS,Primera División de Futsal,league
Genova Pra railway halt,Rete Ferroviaria Italiana,relative
Illumination,Illumination Mac Guff,director manager
Menuet,Impressionism,cover art by
anterior auricular muscle,posterior auricular artery,arterial supply
2001 Britannic Asset Management International Championships,2001-06-18,point in time
Ashdot Ya'akov Meuhad,-200.0,radial velocity
Statnett,transmission system operator,instance of
Bergöfjärden coastal water body,chemical pollution,significant environmental impact
2012 Irish Badminton Championships,2012-01-01,point in time
Beşiktaş Women's Volleyball Team,Turkey,country
Four Lane Ends Interchange,Network One zone 2,fare zone
Tremulous,Linux,based on
Bill Gross: A solar energy system that tracks the sun,TED2003,dedicated to
Basilica of Saint Anthony of Padua,Anthony of Padua,named after
Sesto ed Uniti,3213.0,population
Wybelsumer Polder wind farm,wind farm,instance of
Harry Gibbons Migratory Bird Sanctuary,Canadian Wildlife Service,operator
Papa John's Pizza,1984-01-01,inception
Soyuz TM-14,373,periapsis
Khon Kaen,115928.0,population
Ferrari GTC4Lusso,1980.0,stroke
Bremen Infantry Regiment,1682-01-01,inception
2MASS J06302940+0504123,-1.989,metallicity
Santi Simone e Giuda,Simon the Zealot,librettist
Blowing snow and sea ice surfaces as a source of polar sea salt aerosol,Natural Environment Research Council,librettist
2000 US Open Badminton Championships,1999 US Open Badminton Championships,followed by
Temuco,50.09,area
lintel Can Rafelic,Spain,librettist
1972 Tirreno–Adriatico,Tomas Pettersson,winner
Municipal elections 2017 in Tammela in Finland,Tammela,applies to jurisdiction
SN 2007bp,15.6,apparent magnitude
West Virginia's 5th congressional district,West Virginia,located in the administrative territorial entity
Baix Llobregat,Bages,shares border with
Craftsman 172-171840,1.125,stroke
1997 Volta ao Alentejo,1997-04-23,point in time
FIDAL athlete ID,Dorando Pietri,Wikidata property example
Monna Vanna,Palais Garnier,home venue
ASTM D4642,ASTM D4642-RUS,has edition
RMS Queen Mary,1936-01-01,date of official opening
1965 Scottish Open Badminton Championships,1965-01-01,point in time
gadolinium-166,165.94146,mass excess
Nara,Yamatokoriyama,twinned administrative body
The Three Caballeros,Bill Peet,director
Denethor II,Ruling Steward of Gondor,spouse
[GBN2014] 72,-43.2949,proper motion
Charles de Gaulle University of humanities arts and social sciences,European University Association,member of
University of Idaho College of Law,Idaho,headquarters location
Berlin-Lichtenberg station,S-Bahn station,adjacent station
On Stage EP,EMI,record label
11th arrondissement of Paris,François Vauglin,head of government
RB 56,Lower Saxony,operating area
Star Wars Episode IV: A New Hope,classical music,genre
"Roman Catholic Diocese of San Felipe, Venezuela",1966-01-01,inception
laser science,physics,instance of
Butler Hump,7.0,focal height
2002 Texas gubernatorial election,Governor of Texas,office contested
Black River-Matheson,Iroquois Falls,mountain range
Songwon County,North Korea,country
Chaldean Catholic Archeparchy of Mosul,Iraq,country
Poynter Institute,journalism school,instance of
Vasylkivka Raion,Ukraine,country
Grandes éxitos,Sony Music México,distributor
[GCG2013] G2,Gravitational lens,fabrication method
The New Mutants,color,eye color
Ľaliové sedlo,High Tatras,located in the administrative territorial entity
Chaldean Catholic Archeparchy of Kirkuk,1789-01-01,dissolved
Mošnov,Moravia,historical region
2008 Cup of China - ice dancing compulsory dance,ISU Judging System,organizer
Bamna Upazila,Bangladesh,basin country
Frankfurt Egelsbach Airport,1955-10-01,date of official opening
"Kirkland, Signpost At Junction Of A702 And B729",Dumfries and Galloway,named after
1962 US Open Badminton Championships,East Hanover Township,statistical leader
Cl* NGC 5139 LEID 89009,-2.0,metallicity
Violin Concerto,violin,instrumentation
2017 Tirreno–Adriatico,2017-03-14,point in time
Baldur,Thor,child
Soyuz T-1,unmanned spaceflight,guidance system
The Galileo Seven,color,eye color
Circinus Galaxy,1975-01-01,publication date
Grand Prix of Figure Skating Final,ISU Grand Prix of Figure Skating,instance of
2017 Har Adar shooting,Israel,country
heart contraction,heart,symptoms
Largo do Paço,photograph,depicts
Steven Levitt: The freakonomics of crack dealing,2004-02-27,publication date
African Meeting House,Boston,headquarters location
1979 German Grand Prix,1979 Formula One season,part of
BadLand Games,Spain,country of origin
26 Canis Majoris,Canis Major,constellation
1993 Internationaux de Strasbourg,1992 Internationaux de Strasbourg,follows
Olympia Eishalle,EHC München,owner of
Soyuz TMA-11,2008-04-19,UTC date of spacecraft launch
Comarcal Council of Ribera d'Ebre,Ribera d'Ebre,applies to jurisdiction
Second Epistle to the Thessalonians,Paul,lyrics by
Osaka metropolitan area,Osaka Bay,significant place
Alphonse Allard Fonds,fonds,level of description
漢,14,stroke count
Sonnet 80,Sonnet 81,followed by
Mol Continuity,Koyo Dockyard,named after
Pass Christian,4.0,length
1953 Danish general election,1953-09-22,point in time
Pawan Danavi Wind Farm,Gamesa,powered by
Aleksandr Medved,Soviet Union,country for sport
Bugatti EB110,Bugatti Automobili,brand
Beyond the Sea,Toby Longworth,after a work by
Göltzschtalbrücke,5,number of spans
Krampus,98,volume as quantity
"State elections in Acre in 2014 for Governor, first round",2014-10-05,point in time
Pittsburgh synagogue shooting,11,number of deaths
Biblioteca nazionale Vittorio Emanuele III,State public library,instance of
The Galileo Seven,Paramount Stage 31,start point
Good Magic,Curlin,family name
"Malcolm Gladwell: Choice, happiness and spaghetti sauce",educational film,genre
2013–14 Pro 12,Pro14,part of
Hands Oval,Western Australia,place of publication
Portage Spillway Provincial Park,3.76,area
La Seo Cathedral,Roman Catholic Archdiocese of Zaragoza,diocese
Ravid,Emek HaYarden Regional Council,executive body
Roman Catholic Diocese of Vicenza,849074.0,population
1999 FA Women's Cup Final,1999-01-01,point in time
Cemetery Wall With Blocked Gateway On North West Side,St George's Fields,part of
2016 Malaysia Super Series Premier,2016-01-01,point in time
1993 Irish Open Badminton Championships,1994 Irish Open Badminton Championships,follows
Peremyshliany Raion,Ukraine,country
Brickipedia,website,instance of
Kongresshaus,Biel/Bienne,headquarters location
Melrose Abbey,Cistercians,religious order
Sakuntala,Abhigyanashakuntalam,present in work
Astropy,BSD licenses,copyright license
Bugatti EB110,4400.0,stroke
francium-228,38.0,half-life
2016 European Grand Prix,2016 Formula 1 Grand Prix of Europe,official name
La Concordia,7320.0,elevation above sea level
Ooty Radio Telescope,0.92,stroke
Dezső Gyarmati,Liliána Szilágyi,presenter
Torodi Department,Torodi,capital
KEDGE Business School,Conférence des Grandes Écoles,member of
Groupama-FDJ,1997-01-01,inception
Montañana,Spain,librettist
Papahānaumokuākea Marine National Monument,marine protected area,instance of
Lake Bolsena,305.0,elevation above sea level
Baix Camp,Spain,relative
Quartiere Ettore Ponti,housing estate,instance of
Constitutional and Legislative Affairs Committee - Fourth Assembly,2016-04-06,dissolved
1985 German Open Badminton Championships,1985-01-01,point in time
Lacus Felicitatis,Moon,constellation
Don Norman: 3 ways good design makes you happy,TED2003,collection
canton of Pessac-2,arrondissement of Bordeaux,located in the administrative territorial entity
Spain women's national football team,Verónica Boquete,captain
Clair de lune,Impressionism,architectural style
9025,9025,numeric value
KV19,list of burials in the Valley of the Kings,list of monuments
Itziar,Spain,designated as terrorist by
Sedgwick County,Julesburg,contains administrative territorial entity
The Boys of Fall,United States of America,country of origin
Burov,Mikhaylovka Urban Okrug,historical region
HMS Ven,Götaverken,location
2016 La Flèche Wallonne Féminine,Marianne Vos,general classification of race participants
Line 8,Beijing Mass Transit Railway Operation Corporation Limited,operator
ゆ,ユ,has part
漢,traditional Chinese characters,narrative role
Alabama Senate,Alabama Legislature,organization directed from the office or person
Leander,71,number of houses
2014–15 Pro12,Pro14,sports season of league or competition
Arthur,30,volume as quantity
Visby Novisen 6,Visby Novisen 5,units sold
Tropical Depression Thirteen-E,1988-08-16,end time
"Jennifer Lin: Improvising on piano, aged 14",educational film,genre
Frankfurter Volksbank,1337,common equity tier 1 capital ratio (CETI)
Nord 3.101,3,number of cylinders
Boränget Sveden,50.0,height
1958 Swedish Open Badminton Championships,1958 Swedish Open Badminton Championships – Men's singles,has part
Hofburg Palace,Renaissance architecture,architectural style
Gliese 777,-45.14,proper motion
Blissymbols,subject–verb–object,linguistic typology
Mariko,Ségou Region,located in the administrative territorial entity
Tar-Ancalimë,female,sex or gender
HD 27894,-59.410839750485,declination
Xbox One,47000000,units sold
Vallinsgrundet,"NGA List of Lights, Radio Aids and Fog Signals",main subject
Sakura Gakuin discography,Sakura Gakuin,performer
canton of Saint-Médard-en-Jalles,arrondissement of Bordeaux,located in the administrative territorial entity
Quartiere IACP Lorenteggio,housing estate,instance of
parent,1,family relationship degree
Aréthuse-class submarine,Daphné-class submarine,presenter
"PDF Reference, third edition",technical specification,subject item of this property
PhilPapers publication ID,PhilPapers,Wikidata property example
Melodrama,Duke University Press,publisher
Cygwin,Microsoft Windows,platform
ketamine,essential medicine,instance of
2012 Total Worker Health Symposium,2012 Total Worker Health Symposium,title
Kōbe Freight Terminal,Kōbe,location
AMiBA,cosmic microwave background experiment,instance of
Mistral Air,Poste italiane,operator
N'oublie pas que tu vas mourir,Antártida,part of
2018 Le Samyn,2019 Le Samyn,followed by
Library of the University of Bologna,State public library,instance of
The Hedges Vishnu,Ashmolean Museum,collection
Cayuga Lacus,22.7,focal height
2011–12 Pro 12,Pro14,sports season of league or competition
Ringkøbing-Skjern Municipality,Central Denmark Region,located in the administrative territorial entity
National Library of Israel ID,Israel,country
Kolsh,4228.0,population
BR-319,Federal Roads in Brazil,highway system
SS Nieuw Amsterdam,231.19,width
Esperanto,agglutinative language,linguistic typology
Monument to Joaquín Costa,Spain,country of origin
Hyannis,harbor tugboat,instance of
British Consulate General Ekaterinburg,Yekaterinburg,headquarters location
Clayton Township,charter township of Michigan,instance of
1985 Boucles de la Mayenne,1985-01-01,point in time
1812 United States presidential election,1812-01-01,point in time
1963 Belgian Badminton Championships,1964 Belgian Badminton Championships,follows
1987 Dow Chemical Classic,1987 Dow Chemical Classic – Singles,has part
Charlie Hebdo,Gérard Biard,creator
Drážní buk,solitary,instance of
GeoGebra,Microsoft Windows,platform
Louise Thompson Patterson: A Life of Struggle for Justice,Duke University Press,publisher
Legislative Assembly of Pernambuco,Joaquim Nabuco Palace,headquarters location
Appliqué inv. 9619,appliqué,fabrication method
Comisión Nacional de los Mercados y la Competencia,Spain,country of origin
HD 102458,9.07,absolute magnitude
DeWalt DW308M,DeWALT,brand
3-oxoicosanoyl-CoA,Homo sapiens,translator
Wikidata,multiple languages,programming language
A Floresta e a Glória,Glória,official name
Starorechensky,Mikhaylovka Urban Okrug,named after
Kyoko Kirigiri,Kirigiri,family name
Ytre Vikna wind farm,wind farm,instance of
Dilemmas of Difference: Indigenous Women and the Limits of Postcolonial Development Policy,Duke University Press,publisher
München Ost station,S-Bahn station,adjacent station
SN 2007au,supernova,instance of
Tethys,female,sex or gender
2014 Connecticut Open,2013 New Haven Open at Yale,follows
Rowing at the Asian Games,4,number of participants
Podolian Voivodeship,Lesser Poland Province of the Polish Crown,located in the administrative territorial entity
Institute of Paleobiology,1952-01-01,inception
Soyuz TM-1,unmanned spaceflight,guidance system
San Zeno,Italian national heritage,heritage designation
icositrigonal number,icositetragonal number,follows
SDSS J084121.74+501720.1,Gravitational lens,fabrication method
Kosmos 772,Soyuz,crew member
Wien-Umgebung District,Klosterneuburg,contains administrative territorial entity
Wikimedia Incubator,multiple languages,language used
2017 Sundvolden Grand Prix,Sundvolden Grand Prix,official name
San Clemente Dormitory,University of Santiago de Compostela,parent organization
Eliezer,Wikimedia set index article,instance of
Downwardly Global,Duke University Press,publisher
Plate,Maria Martinez,librettist
Staunton River State Park,1936-01-01,significant place
Bolshoy Oreshkin,Mikhaylovka Urban Okrug,contains administrative territorial entity
Hibiscus Coast,52400.0,population
2017 Badminton World Championships,2017-01-01,point in time
Province of Bologna,Province of Pistoia,replaces
Royal Gate,Madrid,located in the administrative territorial entity
Mas de la carretera de Tortosa a Santa Bàrbara,Spain,relative
Margaret Edwards Award,1988-01-01,publication date
Sat In Your Lap / Lord Of The Reedy River,EMI,record label
Arthur's Seat,scheduled monument,instance of
ASTM D4815,ASTM standard,subclass of
wicked fairy godmother,female,sex or gender
Sacred Heart Major Seminary,"four-year, higher part-time",Carnegie Classification of Institutions of Higher Education
Uiju County,North Korea,country
BCF Arena,Fribourg,headquarters location
Eislingen/Fils,Kommunale Datenverarbeitung Region Stuttgart,owned by
2018 Tour of the Basque Country,Felix Großschartner,young rider classification
Research Papers in Economics Series handle,distinct values constraint,property constraint
oleic acid,17.0,melting point
"Alexander and the Terrible, Horrible, No Good, Very Bad Day",2.35:1,stroke
Kosmos 613,unmanned spaceflight,use
Queen Grimhilde,accident,introduced feature
18,2,prime factor
scandium-43,calcium-43,decays to
UCAC4 437-017603,0.02,metallicity
"PDF Reference, fifth edition",technical specification,subject item of this property
Inter FS,Pabellón Fundación Montemadrid,home venue
Whitehouse Primary School,North Tyneside,location
University of Paris VI: Pierre-and-Marie-Curie University,European University Association,member of
Milano Porta Garibaldi,1,number of platform faces
Battle of Peebles's Farm,Dinwiddie County,location
União Trabalhista por Passo Fundo,Brazilian Labour Party,member of
ESO-HA 1497,Orion,constellation
Lincoln County,"National Register of Historic Places listings in Lincoln County, Oklahoma",list of monuments
Kalinin,Wikimedia set index article,instance of
.NET Framework,computing platform,platform
Comarcal Council of Priorat,Spain,country
Ukrainian Catholic Eparchy of Kolomyia,Ukrainian Catholic Metropolitan Archdiocese of Ivano-Frankivsk,replaces
Salvador Shopping,Tancredo Neves Avenue,located on street
Tom Shannon: Anti-gravity sculpture,TED2003,exhibition history
Bargate,scheduled monument,heritage designation
2017 Utah State Aggies volleyball team,2017-01-01,point in time
Chimney of Hort de la Creu,Spain,country
Cala Figuera,Spain,librettist
germanium-67,gallium-67,decays to
KCC-MS871,HeLa,parent cell line
Don Norman: 3 ways good design makes you happy,educational film,genre
Kosmos 670,unmanned spaceflight,use
2009 Pilot Pen Tennis,2009-08-21,end time
Skalica Ice Stadium,indoor ice rink,has facility
Alpha Caeli,-41.863752073,translator
2017 European Athletics Indoor Championships,2017-01-01,point in time
Slovakia,Eastern Europe,continent
Wetzel County,New Martinsville,capital
Diputación de Salamanca,Spain,country
Republic Records,Republic,short name
Chesbro Music Company,Idaho Falls,headquarters location
1994 Winter Olympics,Ski jumping at the 1994 Winter Olympics,relative
2017 Toray Pan Pacific Open,2017-01-01,point in time
Appliqué inv. 739,appliqué,fabrication method
Blender,GNU/Linux,platform
Remseck am Neckar,Kommunale Datenverarbeitung Region Stuttgart,interested in
Philippines,Commonwealth of the Philippines,replaces
"Love, H: The Letters of Helene Dorn and Hettie Jones",Duke University Press,publisher
Saving Mr. Banks,PG-13,MPAA film rating
Marburg-Biedenkopf,Siegen-Wittgenstein,contains administrative territorial entity
Japan National Route 499,Nagasaki Prefectural Road Route 34,partially coincident with
Allegro,Android,platform
Kazuno District,Kosaka,contains administrative territorial entity
Altarpiece of Santos-o-Novo,cycle of paintings,instance of
Pirate Party of Spain,Spain,country
Little Miami Scenic Trail,Ohio state park,instance of
RB 11,Baden-Württemberg,operating area
DeWalt DW304P,DeWALT,brand
NGC 2349,-8.6,proper motion
LSVD,Berlin,headquarters location
KV11,Giovanni Battista Belzoni,excavation director
2018 Winter Olympics,Moon Jae-in,officially opened by
Romanesque art in Catalonia,Spain,country of origin
SES-14,SES S.A.,manufacturer
Rossaveal,UTC±00:00,located in time zone
2018 Vuelta a Andalucía,Silvan Dillier,mountains classification
Marzahn power station,Vattenfall Europe Wärme,operator
OGLE SMC-SC9 73218,16.1,apparent magnitude
Tom Shannon: Anti-gravity sculpture,2003-02-27,publication date
RYAN COOGLER TO DIRECT MARVEL'S 'BLACK PANTHER',press release,instance of
"Levan, Fier",municipality of Albania,instance of
1984 German Grand Prix,1984-08-05,point in time
Maysoon Zayid: I got 99 problems ... palsy is just one,Maysoon Zayid,author
Preludes,24 Preludes op. 28,follows
Mass in G minor,G minor,tonality
Montour County,county of Pennsylvania,instance of
Kitaakita District,Akita,capital
Hortaleza,Madrid,librettist
Tkinter,Python,programming language
californium-239,isotope of californium,instance of
Bodangora Wind Farm,2019-02-27,inception
legislative body of Galway County Council,5,number of constituencies
Meritorious Service Cross,Medal of Military Valour,next lower rank
29th Chess Olympiad,3020,number of matches played races starts
Ꚙ,Cyrillic script,writing system
Smallville,Sam Witwer,presenter
Landac,Zamboanga City,located in the administrative territorial entity
Waldeck-Frankenberg,Siegen-Wittgenstein,contains administrative territorial entity
Athletics at the 2012 Summer Olympics – Men's 200 metres,Athletics at the 2008 Summer Olympics – Men's 200 metres,follows
Battle of Pea Ridge,Pea Ridge Confederate order of battle,order of battle
patinoire de Mériadeck,Bordeaux,located in the administrative territorial entity
Aslaug,female,sex or gender
Polish National Road Race Championships,2010 Polish National Road Race Championships,follows
2025 Spanish Badminton Championships,Spain,country
Wowpedia,World of Warcraft,published in
Bandiera gialla,Artie Kornfeld,composer
.NET Framework,Microsoft Windows,platform
Zagnanado,Zou Department,replaced by
GNOME Maps,Unix-like,GUI toolkit or framework
Cause and Effect,Dan Martin,director
Saint-Alexis-des-Monts,Maskinongé Regional County Municipality,located in the administrative territorial entity
Diptych of Jean Carondelet,cycle of paintings,instance of
Bluefish,macOS,platform
Sant'Andrea al Quirinale,Roman Catholic Diocese of Rome,diocese
Gliese 777,1560000.0,stroke
Lakajgården,housing estate,instance of
Maine,extinct,FAO risk status
3-oxotetracosanoyl-CoA,Homo sapiens,translator
Bunker Battery Den Hoorn,Texel,location
The Battle For Wesnoth,Android,platform
2003 Madrid Trofeo Union Fenosa,WTA Madrid Open,part of
Saqqaq,4.0,elevation above sea level
Albany County,Albany,capital
2011 Osaka gubernatorial election,2011-11-27,point in time
Centre Union,1961-01-01,inception
Pro Ecclesia et Pontifice,Vatican City,location of formation
Diptych of Munich,1480-01-01,inception
Belegorn,Ruling Steward of Gondor,position held
28 cm SK C/28 naval gun,1945-01-01,inception
University of Bordeaux 1,European University Association,member of
Central African Republic,52.171,life expectancy
iron-63,-1,spin quantum number
list of A6 roads,Wikimedia set index article,instance of
1997 FA Cup Final,1996 FA Cup Final,follows
Lisa Simpson,female,sex or gender
SDSS J080105.29+472749.2,Gravitational lens,fabrication method
Gregory Stock: To upgrade is human,TED2003,part of
de la Vega,de la,tussenvoegsel
FLTK,Unix-like,GUI toolkit or framework
Hurricane Anita,1977-09-04,end time
pessimism,emotion,instance of
Society of Marxist Historians,economic historian,members have occupation
1991 Estonian Badminton Championships,1991-01-01,point in time
Fachhochschule Kiel,Neumühlen-Dietrichsdorf,headquarters location
Bankass Cercle,Mali,basin country
Hualqui,530.5,area
Province of Florence,3514.0,area
International Journal of Life Cycle Assessment,International Journal of Life Cycle Assessment,title
World Esperanto Congress 1921,World Esperanto Congress 1922,followed by
Miami Valley Golf Club,golf,relative
1961 Belgian Badminton Championships,1962 Belgian Badminton Championships,follows
Éowyn,female,sex or gender
CD274 EXPRESSION,breast cancer,positive prognostic predictor
list of A7 roads,Wikimedia set index article,instance of
Vase,public domain,copyright status
Racherla mandal,19855.0,population
Dezső Gyarmati,83.0,elevation above sea level
Culiacán,57.0,elevation above sea level
Epistle to the Galatians,Paul,lyrics by
Bonk,English,language of work or name
Bentina Beakley,female,sex or gender
cryophysics,physics,instance of
Gualda,Cifuentes,said to be the same as
Anambra State,1976-02-03,inception
It Might Be Time,single,instance of
The Dorchester,Owen Williams,composer
The Invisible Man,public domain,copyright status
Kyoto Animation arson attack,lighter,fabrication method
Hegemone,0.328,orbital eccentricity
Thrissur,Thrissur district,contains administrative territorial entity
Kerman,masterpiece of human creative genius,World Heritage criteria
Chelmsford,UTC±00:00,located in time zone
2006–07 Celtic League,Pro14,competition class
Warner Valley Ranger Station,Warner Valley Ranger Station,native label
HD 60335,-0.02,proper motion
The Boys,Mnet Asian Music Award for Album of the Year,nominated for
Tropical Storm in 1990 Cesar,1990 Atlantic hurricane season,part of the series
Japan,4.0,unemployment rate
KMHK 191,9.858,absolute magnitude
Hailes Abbey,Winchcombe,located in the administrative territorial entity
Constitutional Court of Spain,Spain,country
Pliny Township,384.0,elevation above sea level
Joaquin de la Vega,Joaquín,named after
"Chimney of Motor del Dorado, Catarroja",Spain,country
FIDE World Chess Championship 2004,chess,sport
Patricia Beach Provincial Park,Rural Municipality of St. Clements,significant place
Warkworth Castle,scheduled monument,instance of
Mount Imlay National Park Plan of Management,1998-10-01,publication date
Lake Loramie State Park,Ohio state park,instance of
Nana intersection,Sukhumvit Road,librettist
Kapelludden lighthouse,kerosene,source of energy
De Violeta Parra,Isabel y Ángel Parra,librettist
V* V991 Ori,Orion,constellation
Gori,588.0,population
anthropology,anthropologist,practiced by
International Business School Groningen,business school,instance of
legislative body of Donegal County Council,5,number of constituencies
Tom Shannon: Anti-gravity sculpture,educational film,genre
Patterns of Force,European Town,place of publication
Game Two,Etienne Gardé,director
Revenge Reef,1961-01-01,date of official opening
ScientificPython,Python,programming language
Fujifilm X-A3,digital camera model,instance of
Podkarpackie Voivodeship,Poland,country
Uherské Hradiště,Uherské Hradiště District,located in the administrative territorial entity
1958 Belgian Badminton Championships,1958 Belgian Badminton Championships – Men's singles,has part
potassium-43,calcium-43,decays to
Diccionario biográfico matritense,dictionary,subject item of this property
CSM București,EHF Women's Champions League,participant of
Sandhammaren lighthouse,"NGA List of Lights, Radio Aids and Fog Signals",list of monuments
Marina di Maratea railway halt,Rete Ferroviaria Italiana,relative
Krāslava,city under municipality jurisdiction in Latvia,instance of
"Eastern view of Wrexham church, from Mount street",Frederick Peake,after a work by
Hladový buk u Dětřichovce,solitary,instance of
Green damask wall hangings,rinceau,fabrication method
Delirium,female,sex or gender
San Michele in Bosco railway halt,railway halt,part of
el Perer,Spain,librettist
The trumpet of Murcie,horseman,depicts
Chongjin,North Korea,country
Chongju,North Korea,country
Twenty-fourth Conference on Neural Information Processing Systems,Twenty-fourth Conference on Neural Information Processing Systems,title
Beltrami County,18.0,water as percent of area
B-physics,particle physics,subclass of
yttrium,5301,boiling point
Bonk,Terry McGinnis,composer
Colegio Mayor Universitario San Juan Evangelista,Spain,relative
2017 Vuelta a España,2018 Vuelta a España,followed by
Odalisque with Slave,nude,hair color
Tepelský dub,solitary,instance of
[RHS2000] 1-1106,Orion,constellation
Dongsheng Manchu and Mongol Ethnic Township,Kaoshantun,located in the administrative territorial entity
Line 13,Beijing Mass Transit Railway Operation Corporation Limited,operator
Liangshuihe Mongol Ethnic Township,Liangshuihe,named after
Ivor Clay,English,language of work or name
Lund Municipality,Sjöbo Municipality,shares border with
2002 European Grand Prix,XLVI Allianz Grand Prix of Europe,official name
Lake Bracciano,Italy,basin country
Xibër,Municipal unit of Albania,instance of
lead-189,mercury-185,decays to
Gladiator with sword,14.0,height
Golf de Saint-Nom-la-Bretèche,72,annual number of weddings
de la Torre,de la,tussenvoegsel
Drážní buk,22.0,height
1982–83 S.C. Bastia season,1982-1983 one-year-period,time period
The Binding of Isaac: Rebirth,cooperative gameplay,game mode
KV18,list of burials in the Valley of the Kings,facet of
Lotto NL-Jumbo 2017,Robert Wagner,statistical leader
Garraf,Baix Llobregat,shares border with
University of Montenegro Faculty of Economics,University of Montenegro,part of
Drum Rock,Antarctica,location of creation
2019 Six Nations Championship,975125,attendance
Treviño,Spain,designated as terrorist by
World Chess Championship 1958,chess,sport
Lesser Poland Voivodeship,Poland,country
Waag,Alkmaar,located in the administrative territorial entity
1935 Grand Prix des Nations,140.0,event distance
Romania,Socialist Republic of Romania,replaces
So Fresh: The Hits of Winter 2011 CD+DVD,video album,instance of
So Fresh: The Hits of Winter 2010 CD+DVD,video album,instance of
adapalene/benzoyl peroxide,adapalene,World Health Organisation International Nonproprietary Name
The Canterville Ghost,1887-01-01,publication date
UCAC4 437-017603,13.832,apparent magnitude
Libraries Australia ID,National Library of Australia,Wikidata property example
Leafpad,GTK,GUI toolkit or framework
lead-184,-11051.522,mass excess
Norwegian Institute of Journalism,journalism school,instance of
Kirkstall Abbey,Leeds,located in the administrative territorial entity
Swallow,Birkenhead,child
Akimiski Island Migratory Bird Sanctuary,Canadian Wildlife Service,operator
My Way,SUISA Works database,instance of
V* V2341 Ori,Orion,constellation
LP 625-34,Ophiuchus,constellation
1973 Swedish Open Badminton Championships,Gothenburg,location
yttrium-86,742904.808,binding energy
Soyuz TM-21,Soyuz TM-20,follows
Morocco,-23.9,minimum temperature record
Ion Mobility Spectrometry,Ion mobility spectrometry,title
Rowing at the Asian Games,Asian Games,part of the series
2017 Women's European Volleyball Championship qualification,2019 Women's European Volleyball Championship qualification,followed by
Häradskär lighthouse,Admiralty List of Lights and Fog Signals,heritage designation
Delaware County,Media,member of
Dukan Dam,Lake Dukan,reservoir created
Podlaskie Voivodeship,Poland,country
Athletics at the 2008 Summer Olympics – Men's 200 metres,Athletics at the 2004 Summer Olympics – Men's 200 metres,follows
Legislative Chamber of Federal District,district deputy of the Federal District,instance of
Nygården,78.0,elevation above sea level
Old Town Bridge Tower,tower,instance of
2001 US Open Badminton Championships,2000 US Open Badminton Championships,follows
cobalt,1.88,electronegativity
rubidium-84,-1,spin quantum number
Comarcal Council of Priorat,comarcal councillor of Priorat,has parts of the class
Epsilon Coronae Australis,57.9,length
The Second Booke of Songes or Ayres,Flow My Tears,tracklist
Im Warthebruch,"Dąbroszyn, Lubusz Voivodeship",located in the administrative territorial entity
ondansetron,erythromycin,significant drug interaction
Finance Committee - Third Assembly,2016-04-06,end time
Ballater,town,instance of
Ourense,mayor of Ourense,office held by head of government
californium,1950-01-01,UTC date of spacecraft launch
Second Epistle to Timothy,New Testament,part of
Hailes Abbey,Cistercians,religious order
Institut technologique européen d'entrepreneuriat et de management,2003-01-01,inception
Appliqué inv. 9472,appliqué,fabrication method
Tropical depression Nine-E,1984-07-25,end time
Ajax,Ajax,owner of
Unity,macOS,platform
The Godfather,The Godfather trilogy,part of the series
Eradan,House of Húrin,architectural style
californium-240,isotope of californium,instance of
1987 UCI Road World Championships – Women's road race,1989 UCI Road World Championships – Women's road race,follows
Widmann fountain,Muschelkalk,located in the administrative territorial entity
Avatar 2,color,eye color
Netherlands,Wikipedia:Vital articles,topic's main Wikimedia portal
Lake Constance,Rhine,inflows
Blackware Olla,Maria Martinez,after a work by
Miracle of the White Stallions,Miracle of the White Stallions,title
Sunchon,North Korea,country for sport
Monument of the Five Days of Milan,Italian national heritage,heritage designation
TNT N.V.,159000,units sold
Colección 1985-1998,17,number of seasons
Priorat,Spain,relative
Tandem Productions,Sony,owned by
Dendy,1992-12-18,date of official opening
Malabar Farm State Park,Ohio state park,instance of
Brunoy obelisk,monument historique classé,heritage designation
Dunman,Dumfries and Galloway,located in the administrative territorial entity
University Library of Padua,State public library,instance of
Trutnov,Trutnov District,contains administrative territorial entity
Norwegian Badminton Championships 2027,Norwegian Badminton Championships 2026,followed by
Pasión de Amor,ABS-CBN Corporation,distributor
Jaws,color,fabrication method
FIDE World Chess Championship 1996,chess,sport
Tân Bình,Vietnam,basin country
2006 UCI Road World Championships – Women's road race,2006 UCI Road World Championships,part of
fountain Muristalden,Muschelkalk,located on terrain feature
1990 UCI Road World Championships – Women's road race,1991 UCI Road World Championships – Women's road race,follows
Find My Friends,Wikipedia article covering multiple topics,instance of
2MASS J20431402+1536021,15.6006027326877,declination
Llindes,Spain,relative
Adagio in E for Violin and Orchestra,violin,instrumentation
N283 road,national road in Belgium,instance of
Kenitra Air Base,Kenitra,headquarters location
Botulinum Toxin,Botulinum toxin,medical condition treated
Doug Gillespie,English,language of work or name
Madame Rouge,elasticity,product or material produced
Bluefish,GTK,developer
Miami Valley Golf Club,132,slope rating
Fitton Rock,Antarctica,basin country
canton of Nuits-Saint-Georges,Vougeot,contains administrative territorial entity
Lord Nelson Inn,Clayton-le-Woods,located in the administrative territorial entity
2006 NBA Playoffs,2005 NBA Playoffs,follows
Geislingen an der Steige,Kommunale Datenverarbeitung Region Stuttgart,owned by
S45,S-Bahn Berlin GmbH,operator
Wikidata,MediaWiki website,instance of
Second Epistle to the Thessalonians,New Testament,part of
The Invisible Man,"So he lapses into a dream, the undying wonderful dream of his life. And though Kemp has fished unceasingly, and Adye has questioned closely, no human being save the landlord knows those books are there, with the subtle secret of invisibility and a dozen other strange secrets written therein. And none other will know of them until he dies.",librettist
30th Street Station,tower station,instance of
Sinuiju,North Korea,country
Baguio,Kankanaey language,language used
Esta Soler: How we turned the tide on domestic violence,Esta Soler,published in
Chaldean Catholic Archeparchy of Kirkuk,Yousif Thomas Mirkis,chairperson
shooting at the 2016 Summer Olympics,2016-01-01,point in time
KV13,71.37,parallax
Allegro,Linux,based on
Marian Column in Kłodzko,object on the Polish cultural heritage register,heritage designation
Thor,Bragi,child
Wikispore,MediaWiki website,instance of
Bergnäs Hydroelectric Power Station,Skellefteå Kraft,manufacturer
HD 96064,-0.02,proper motion
Nikon D3400,digital camera model,instance of
osmium-177,-1,spin quantum number
SWELLS SDSS J1556+3446 lens,Gravitational lens,fabrication method
So Fresh: The Hits of Spring 2010,video album,instance of
2018 Minsk-Arena Ice Star - ice dance rhythm dance,Lolita Labunskaya,significant person
"Abramov, Volgograd Oblast",Mikhaylovka Urban Okrug,significant place
1987 FA Cup Final,Clive Allen,referee
osmium-185,109,atomic number
1982 Lliga Catalana de Bàsquet,Spain,ranking
Cascade Township,charter township of Michigan,instance of
Borkener See,Borkener See,coextensive with
1993 UCI Road World Championships – Women's road race,1994 UCI Road World Championships – Women's road race,follows
Engelbrecht Church,1910-01-01,inception
Chellala District,El Bayadh Province,partially coincident with
ecology,Portal:Ecology,topic's main Wikimedia portal
Ikast-Brande Municipality,Central Denmark Region,located in the administrative territorial entity
HMS Vinga,Götaverken,location
Society for Immunotherapy of Cancer,1984-01-01,inception
Japan National Route 269,maritime transport,highway system
Trolls,AA,publication interval
Beniaján,minor local entity of Spain,instance of
Turkey,Kurds,ethnic group
Lacus Gaudii,Moon,constellation
Arazi Brahmandihi,Ilambazar community development block,part of
Zhydachiv Raion,Ukraine,country
lead-183,1420473.816,binding energy
2017 Tre Valli Varesine,2017 UCI Europe Tour,part of
Albany County,11160.0,area
Sarıyer Belediyesi SK,Turkey,country
American Hustle,Michael Wilkinson,film editor
Arrecife Algerine,Peru,basin country
GNOME Maps,multiple languages,GUI toolkit or framework
McLeod County,county of Minnesota,instance of
AMP-dependent synthetase/ligase,protein domain,subclass of
1989 UCI Road World Championships – Women's road race,1990 UCI Road World Championships – Women's road race,follows
Standing figure of Parvati,Ashmolean Museum,collection
2009 European Figure Skating Championships - ice dancing compulsory dance,ISU Judging System,organizer
Dutch Art in America,Peter C. Sutton,owned by
Chris Anderson: Technology's long tail,educational film,genre
British Consulate General Jeddah,Jeddah,located in the administrative territorial entity
Stenhouse,Stenhouse,native label
Pearl in the Palm,dictionary,described by source
"two stone blocks, Büttenberg, Schlossbahn",130.0,length
Oslí buk,Nové Město pod Smrkem,location
First Epistle to Timothy,New Testament,part of
2014 Indian general election in Mahasamund Lok Sabha constituency,1131209,ballots cast
"St. Michael's Church, Munich",Renaissance architecture,architectural style
Broomhillbank Hill,scheduled monument,heritage designation
Vaillant Arena,Graubünden,owner of
Za-Kpota,Zou Department,located in the administrative territorial entity
Second Epistle to Timothy,Paul,dedicated to
Menoken Indian Village Site,National Historic Landmark,heritage designation
Rugby union at the 1900 Summer Olympics,rugby,sport
Telepizza,Spain,relative
Route nationale 358,Valenciennes,terminus location
Ministry of Petroleum and Energy of Norway,1997-01-01,inception
Appliqué inv. 724,Spain,country of origin
Palau,120,mains voltage
Takrouna War Cemetery,Takrouna,location
Boudh district,219537,rural population
2MASS J03401184+3155233,-0.407,metallicity
cerium-125,124.92844,mass
Atri Cathedral,Italian national heritage,heritage designation
Second Epistle of Peter,New Testament,genre
Passage du Rhin en présence des ennemis 1672,laid paper,material used
SN 2007bs,supernova,instance of
North Queensland Cowboys,National Rugby League,league
Burhanuddin Upazila,118827,female population
Buckton Castle,Current Archaeology,published in
Komerční banka,financial services,industry
Sukth,town,instance of
Nyköping Municipality,Nykøbing Falster Kommune,located in the administrative territorial entity
District 1,Vietnam,country
OA vz. 27,Škoda Works,manufacturer
"Boulder, Mahlewagwald II",Biel/Bienne,located on terrain feature
Toronto Golf Club,golf,relative
Sukth,municipality of Albania,instance of
Walter Lemke Department of Journalism,journalism school,instance of
NGC 2266,-5.01,proper motion
TYC 1398-1797-1,12.03,apparent magnitude
Church of the Anunciation,Renaissance architecture,architectural style
palladium-119,-71407.902,mass excess
rubidium-89,-1,spin quantum number
Virman Vundabar,Apokolips,place of birth
Violin Concerto No. 4,orchestra,instance of
RB 11,Brandenburg,operating area
Castiraga Vidardo,Sant'Angelo Lodigiano,named after
Esperanza Base,Antarctica,located in the administrative territorial entity
Conejos County,Conejos County,different from
Fort Robert Smalls,1863-01-01,inception
Patterns of Force,Paramount Stage 19,start point
"Aarhus University, School of Business and Social Sciences",business school,instance of
Consell Jurídic Consultiu de la Comunitat Valenciana,Spain,country of origin
FilmTv.it person ID,Marilyn Monroe,Wikidata property example
SN 2005jh,supernova,instance of
2017 Clásico RCN,Javier Gómez,combination classification
Japan National Route 350,maritime transport,highway system
First Epistle to the Thessalonians,Paul,lyrics by
Chimney of Hort del Notari,Spain,country
Fort Laughlin,1863-01-01,inception
Bonchester Hill,scheduled monument,heritage designation
Nor Yungas Province,province of Bolivia,instance of
ethyl acrylate,1.4,lower flammable limit
Solitaire,Microsoft,developer
ASTM D5127,ASTM standard,subclass of
Elimination Chamber,WWE Raw,business division
Itziar,minor local entity of Spain,instance of
Bolshemedvedevsky,Mikhaylovka Urban Okrug,significant place
Kevin Hart: Laugh at My Pain,color,eye color
Easter Oratorio,Christian Friedrich Henrici,librettist
Kongsvinger,town,instance of
RB 16,Baden-Württemberg,operating area
Diputación Provincial de Segovia,Spain,country
Alcanada,Spain,librettist
Lauren Zalaznick: The conscience of television,educational film,genre
29th U-boat Flotilla,military unit,instance of
Borsky District,3584.28,area
pour les arpèges composés,Impressionism,main subject
Port de Valldemossa,Spain,country
Spartans W.F.C.,Edinburgh,headquarters location
1994 Winter Olympics,Nordic combined at the 1994 Winter Olympics,part of
La Plata County,La Plata County,different from
Chak Modpur,0,literate population
N51 road,Hainaut,terminus location
Koll Rock,Antarctica,basin country
caesium-147,-51920.064,mass excess
2009 Virginia gubernatorial election,Creigh Deeds,candidate
Charlie Hebdo,1,publication interval
Oude Zeedijkmolen,Veurne,crosses
Romancos,Spain,librettist
Legislative Assembly of Santa Catarina,president of the Legislative Assembly of Santa Catarina,office held by head of the organization
2016–17 Pro12,Pro14,sports season of league or competition
Protein kinase domain,protein domain,subclass of
patinoire René Froger,Briançon,location
Ikamiut,Greenland,significant place
Zimní stadion,indoor ice rink,instance of
1964 United Kingdom general election,Alec Douglas-Home,successful candidate
New Zealand Warriors,National Rugby League,conferred by
Naked man or gladiator,10.5,height
canton of Bern,town hall courtyard fountain,located in the administrative territorial entity
Kecak,Bali,basin country
[L99] n628-824,20.99,apparent magnitude
Suicide Squad,123,number of episodes
Soyuz TM-7,235.0,apoapsis
2015 Presidential Tour of Turkey,Songezo Jim,mountains classification
HD 109749 b,radial velocity,type of orbit
Xichang'anjie Subdistrict,Nanbeichangjie,contains administrative territorial entity
Tomeškův dub,23.0,height
View near the Usk at Crickhowell,1800-01-01,inception
Omurtag,Omurtag of Bulgaria,capital of
Sheila Patek: The shrimp with a kick!,educational film,genre
Top Thrill Dragster,30,total produced
District 3,Vietnam,country
"Kazan Cathedral, St. Petersburg",Our Lady of Kazan,dedicated to
Saving Mr. Banks,Alison Owen,costume designer
Selishtë,municipality of Albania,instance of
South Georgia and the South Sandwich Islands,United Kingdom,country
Conovium,Conwy,spouse
2019 Tour de Langkawi,2019 Ukyo,participating team
1986 Danmark Rundt,1986-08-04,point in time
Twenty-ninth Conference on Neural Information Processing Systems,2015-12-07,start time
The Godfather Part II,color,material used
2009 Giro di Lombardia,2008 Giro di Lombardia,follows
2018 Clásico RCN,Óscar Sevilla,combination classification
Bosphorus Istanbul Cup 2018 - senior ice dance rhythm dance,Turkey,country
Botulinum Toxin,Elsevier,location
UGC 6818,807.0,radial velocity
Cala Ca's Xirimier,Spain,country
2017 High Roller for One Drop,21,minimum age
OA vz. 30,Czechoslovakia,country
Radashkovichy,5500.0,population
Municipal elections 2017 in Tervola in Finland,Tervola,applies to jurisdiction
2008 Trophée Eric Bompard - ice dancing compulsory dance,ISU Judging System,organizer
Courtesan and Her Attendant,1759-01-01,inception
Manevychi Raion,Ukraine,country
2018 European Rowing Championships,Strathclyde Country Park,location
Using climate change information in ecosystems services for poverty alleviation research in China,Natural Environment Research Council,sponsor
germanium-71,-1,spin quantum number
potassium-44,43.961586986,translator
Norwegian Badminton Championships 2026,2026 Norwegian Badminton Championships – Men's doubles,has part
Hedgewars,Linux,platform
Kemp Coast,Antarctica,continent
Fujifilm X-T100,digital camera model,instance of
Rétság District,Template:Rétság District,topic's main template
SN 2007bt,supernova,instance of
gadolinium-158,-70689.546,mass excess
Lucera Painter,-0400-01-01T00:00:00Z,date of death
"Musée Saint-Raymond, 26369",Art grec de la terre à l'image,exhibition history
UGC 6818,1.2844,parallax
iPhone 5S,iOS 8,operating system
Abraham,Midian,spouse
Health and Social Care Committee - Fourth Assembly,2016-04-06,dissolved
Province of Florence,Province of Pistoia,replaces
musical tuning,umbrella term,GUI toolkit or framework
Nintendo DS,Nintendo,platform
Frohn Township,406.0,elevation above sea level
Siemens,Ernst Werner von Siemens,director manager
St. George Illawarra Dragons,National Rugby League,league
5th German Bundestag,6th German Bundestag,shares border with
Rotterdam,631155.0,population
Newcastle Knights,National Rugby League,league
lung cancer,wheeze,symptoms
Junctional multiprotein signaling complexes in sensory neurons,research grant,main subject
Redwood National and State Parks,Sequoia sempervirens,significant place
Esch-sur-Sûre Dam,Esch-sur-Sûre,reservoir created
The Exorcist,color,eye color
ecology,Wikipedia:Vital articles,topic's main template
KCC-MS871,human papilloma virus related endocervical adenocarcinoma,established from medical condition
Republican Party,Liberal Democracy,political ideology
Victoria Barracks Perimeter Wall and Gates,listed on the Commonwealth Heritage List,heritage designation
Bayham Old Abbey,scheduled monument,heritage designation
Asterodeia,Aeëtes,mother
Girafarig,150.0,elevation above sea level
1901 FA Cup Final,1902 FA Cup Final,follows
Löwygrube,Favoriten,World Heritage criteria
Bibliothèque François Mitterrand Station,2000-01-01,date of official opening
N282 road,national road in Belgium,instance of
2015–16 Pro12,Pro14,sports season of league or competition
The Revolution Will Not Be Funded,Duke University Press,publisher
2001 QX297,Palomar Observatory,site of astronomical discovery
SN 2007br,supernova,instance of
Photo Booth,conflation,fabrication method
SN 2007ba,supernova,instance of
ASTM D4628,ASTM standard,subclass of
Japan National Route 350,road,highway system
Province of Florence,Province of Prato,shares border with
SN 2007bu,supernova,instance of
2016 Connecticut Open,2015 Connecticut Open,follows
Mas la Cau,Spain,relative
Coinage of the Roman Republic Online,American Numismatic Society,publisher
The Buffalo Declaration,website,instance of
USS Kittaton,harbor tugboat,instance of
Drum Rock,Bellingshausen Sea,located in or next to body of water
Mawson Peak,Big Ben,located in the administrative territorial entity
Appliqué inv. 9619,Spain,country of origin
Rejang dance,Bali,location
Wowpedia,MediaWiki website,instance of
Tropical Storm in 1990 Edouard,1990 Atlantic hurricane season,part of
CUNY Graduate School of Journalism,journalism school,instance of
Ryanverse,Jack Ryan,narrator
So Fresh: The Hits of Winter 2008 + Bonus DVD,video album,instance of
28 cm SK C/28 naval gun,1930-01-01,inception
Einstein Tower,astronomical observatory,instance of
Province of Bologna,Province of Ravenna,shares border with
Irish Gambit,chess,material used
Gamelan joged bumbung,Bali,basin country
Ivor Clay,Australia,place of burial
Colegio Mayor Universitario Chaminade,1966-01-01,inception
osmium-182,21.84,half-life
31,2,prime factor
Sedgwick County,Deuel County,shares border with
"2017 Vuelta a España, Stage 15",Spain,relative
Parumleo,3.5949,absolute magnitude
2002 Energis Open,clay court,surface played on
Institut industriel du Nord,Société industrielle du Nord de la France,member of
Tkinter,BSD licenses,copyright license
de la Cueva,de la,tussenvoegsel
